method,n_samples,imp_V0,tr_V0,imp_V1,tr_V1,imp_V2,tr_V2,imp_V3,tr_V3,imp_V4,tr_V4,imp_V5,tr_V5,imp_V6,tr_V6,imp_V7,tr_V7,imp_V8,tr_V8,imp_V9,tr_V9,imp_V10,tr_V10,imp_V11,tr_V11,imp_V12,tr_V12,imp_V13,tr_V13,imp_V14,tr_V14,imp_V15,tr_V15,imp_V16,tr_V16,imp_V17,tr_V17,imp_V18,tr_V18,imp_V19,tr_V19,imp_V20,tr_V20,imp_V21,tr_V21,imp_V22,tr_V22,imp_V23,tr_V23,imp_V24,tr_V24,imp_V25,tr_V25,imp_V26,tr_V26,imp_V27,tr_V27,imp_V28,tr_V28,imp_V29,tr_V29,imp_V30,tr_V30,imp_V31,tr_V31,imp_V32,tr_V32,imp_V33,tr_V33,imp_V34,tr_V34,imp_V35,tr_V35,imp_V36,tr_V36,imp_V37,tr_V37,imp_V38,tr_V38,imp_V39,tr_V39,imp_V40,tr_V40,imp_V41,tr_V41,imp_V42,tr_V42,imp_V43,tr_V43,imp_V44,tr_V44,imp_V45,tr_V45,imp_V46,tr_V46,imp_V47,tr_V47,imp_V48,tr_V48,imp_V49,tr_V49
0.5*CPI,100,-0.008963207271155627,1.0,0.0029892889667457734,1.0,-0.0023402773595047055,1.0,0.0020845478038316045,1.0,0.013633410024770809,1.0,-0.00025010639592992767,0.0,0.007862943798901068,0.0,0.000426503026615066,0.0,0.027375982655935438,0.0,-9.921164243142933e-05,0.0,0.004580036050174652,0.0,-0.009335931781301321,0.0,0.0007200812178587146,0.0,-0.003318868011950693,0.0,0.012379802294113063,0.0,0.0006076233167919831,0.0,-0.002121492439566719,0.0,0.0024860567970019787,0.0,-0.0008726321565597495,0.0,0.0027300250127086922,0.0,-0.0026178779099559346,0.0,-0.00597125931726139,0.0,0.014730018666480493,0.0,-0.0026617609141947884,0.0,-0.0011855847495609861,0.0,-0.013428835849930598,0.0,0.002871183002794764,0.0,0.0048687694457254516,0.0,0.010204275956219977,0.0,-0.0014736484336217437,0.0,-0.004618581720523096,0.0,-0.014110943303877299,0.0,-0.000455422711904907,0.0,-0.00528713499630018,0.0,-0.00034105084691482546,0.0,0.016559078140744976,0.0,-0.005655130852777246,0.0,-0.01495262914548423,0.0,-0.0013851170124572487,0.0,-0.0029388508725343154,0.0,0.0018764848339771767,0.0,0.007577005490239763,0.0,-0.0030664906819681814,0.0,-0.009199868277641743,0.0,0.00960998756490583,0.0,0.003806582662822189,0.0,0.0033727045804043954,0.0,-0.005352951225205738,0.0,0.01997782352034938,0.0,-0.0006730639799115146,0.0
0.5*CPI,250,0.00824304222005423,1.0,0.09814797944693987,1.0,0.012799330950156618,1.0,0.02179141856537148,1.0,-0.06820637479958824,1.0,-0.016366963955966485,0.0,0.0015862085249519486,0.0,-0.008268744656248606,0.0,0.00992206967686493,0.0,0.004230462007640767,0.0,-0.003881078993988707,0.0,0.01886317645730795,0.0,0.002425477368993234,0.0,-0.006326726094391111,0.0,0.0014791413186471258,0.0,-0.005921070300440978,0.0,0.015297118544621013,0.0,0.010358019409972608,0.0,0.005197658220816748,0.0,0.007008602414406151,0.0,0.0009991593736230486,0.0,-0.00038888152364868755,0.0,-0.013706004738275879,0.0,0.0030044133323233746,0.0,0.004203600518266848,0.0,0.007907115983278423,0.0,-0.0030932029375918546,0.0,-0.005623040736535967,0.0,-0.007923829175473629,0.0,0.002721365770551598,0.0,0.002931950304648545,0.0,-0.00050217205335501,0.0,-0.003350362046408817,0.0,0.0003706556035295572,0.0,-0.0031256332354070437,0.0,0.013023070187608732,0.0,-0.005659150578620209,0.0,-0.011427295027958584,0.0,-0.0028067899233698013,0.0,0.03024434882793725,0.0,0.0005356352636896045,0.0,0.016406177121164434,0.0,-0.0030303783850951227,0.0,0.013510097205220672,0.0,-0.005025433812227198,0.0,-0.0171587473860626,0.0,-0.00024782681046586763,0.0,-0.0028229113760153135,0.0,-0.008427938806341961,0.0,-0.004613165147062337,0.0
0.5*CPI,500,0.15693464351844455,1.0,0.09422721504294052,1.0,0.024006176613157404,1.0,1.1500686980721864,1.0,0.4609962299307637,1.0,-0.002193327873404871,0.0,-0.003675956377290346,0.0,0.004300911871807367,0.0,0.006908856934476959,0.0,2.6379313386670766e-05,0.0,0.011144232766551077,0.0,0.0013894909506840802,0.0,-0.00024934470517001817,0.0,-0.001875959377070524,0.0,-0.002485099858710038,0.0,0.002199645826429064,0.0,-0.0009182774232963098,0.0,-0.0034760735000480825,0.0,0.0009743915815622062,0.0,-0.00031882516102277325,0.0,0.00449216777333894,0.0,0.007086486905641953,0.0,-0.006336168823455557,0.0,0.00444739363674751,0.0,-0.004482671385571679,0.0,-0.0046289196903673835,0.0,0.0020994391074143914,0.0,-0.0026374244735070107,0.0,-0.00474869885239948,0.0,0.001932488415267386,0.0,0.0022280794516288394,0.0,0.004698532277945366,0.0,-0.0024785392622671543,0.0,-0.0082135904078936,0.0,0.0014242895182060566,0.0,0.001571923619958504,0.0,-0.0034791105265160605,0.0,-0.002005592208977891,0.0,-0.004950288641176415,0.0,-0.0026693902884949994,0.0,0.0015610913759849243,0.0,-0.005012298186388819,0.0,0.001704598317381456,0.0,0.005847824103035193,0.0,-0.0008305050939650949,0.0,0.003097884924005867,0.0,0.006598337290294354,0.0,0.007383960307019488,0.0,0.0014804598511853895,0.0,-0.0024887922549871044,0.0
0.5*CPI,1000,0.1822119595431142,1.0,0.06122372445488,1.0,0.09598261309986666,1.0,0.8023955771544516,1.0,0.33105293239063205,1.0,-0.0008413019222729412,0.0,-0.00966649830330385,0.0,-0.001457956957969464,0.0,0.00022721427896954527,0.0,0.0016992042241051886,0.0,-0.00040179448362831494,0.0,0.0013753455284704064,0.0,-0.00178154023330801,0.0,0.002328253338884978,0.0,0.002840642837845686,0.0,-3.406195980226734e-05,0.0,-0.0001269898195976893,0.0,-0.004658486927262895,0.0,0.0001661809483665122,0.0,0.0012463801563787902,0.0,-0.0006787588198170491,0.0,-0.0013952742157045117,0.0,0.0012413268090926133,0.0,0.004697265656682492,0.0,-0.0005638754974989224,0.0,0.0010483198091633117,0.0,-0.0021676918092213837,0.0,-0.0016980058677290577,0.0,-0.0002893152399594534,0.0,-0.004476581099210453,0.0,-0.00022272060068828647,0.0,-0.0044150093987913586,0.0,0.00016151096645600216,0.0,0.005057593947648598,0.0,0.0023297692666612857,0.0,0.0017154212060799257,0.0,0.0002690458239404947,0.0,0.0022752113411232955,0.0,0.00048586934141825466,0.0,-0.00012446820481293308,0.0,-0.0025226676411471693,0.0,0.0006909327699664569,0.0,0.0013160203011933769,0.0,-0.00019965838939772773,0.0,0.003004139724903543,0.0,0.00032900105413968816,0.0,0.002376186224208321,0.0,-0.0002375384646432499,0.0,-0.0004824164764081207,0.0,-0.0013220345073801099,0.0
0.5*CPI,2000,0.30038499624150816,1.0,0.1692163585576413,1.0,0.20538728413470694,1.0,0.6404396620957175,1.0,0.7608769753087631,1.0,-0.00048061566633669783,0.0,0.001009330190776564,0.0,-0.0003815521327025506,0.0,-0.001301279927841098,0.0,-0.0009279448910841648,0.0,9.697276921988296e-06,0.0,0.0004366589807848764,0.0,0.00026940800946614885,0.0,-0.0006971449077637637,0.0,0.0002727412061460932,0.0,-6.000132426667304e-05,0.0,0.0002459676794827892,0.0,0.0010491453744679302,0.0,0.0006636176187027332,0.0,-0.00034236538113002757,0.0,0.0011390315877782553,0.0,-0.0004853241261268404,0.0,-0.0001887320224694955,0.0,0.0013080335642757512,0.0,-0.00014601032165301175,0.0,0.00013907583020875136,0.0,0.00045839775772274494,0.0,-0.000577225908373169,0.0,-0.0003229501764898668,0.0,-0.0020183574962351625,0.0,0.00047552890427499106,0.0,-0.0002337010439770193,0.0,-0.0013147774141407942,0.0,0.0022073423059673636,0.0,-0.0005358834402855173,0.0,0.0036818685119558714,0.0,0.0003501658444408362,0.0,-0.0007783977217203641,0.0,0.00041275768702817017,0.0,0.0010761493376734432,0.0,-0.00019885050615106592,0.0,-0.0003452096251514991,0.0,0.0004092395047957387,0.0,-0.0005072654471084403,0.0,-0.00016392272773782524,0.0,0.00044008495756509003,0.0,0.00023975530168854342,0.0,-0.000454344067493756,0.0,-0.0002639493206345045,0.0,-0.0004976836337746704,0.0
0.5*CPI,5000,0.25548427842580035,1.0,0.16902417824298435,1.0,0.29668327575385534,1.0,0.8206397446597534,1.0,0.8918603777253772,1.0,-0.00038566532656530983,0.0,0.007750092498255701,0.0,-9.449691157215057e-05,0.0,0.0003513633778742531,0.0,0.001962031524977176,0.0,0.0001544457685310474,0.0,-0.0006464109882798053,0.0,0.0001913117564120992,0.0,-0.00022602280467545754,0.0,0.00019068685792419937,0.0,0.0002694349797676687,0.0,-0.0002370973600587245,0.0,-0.00019422182412268119,0.0,1.8079204578635988e-05,0.0,0.0001582447431359435,0.0,-0.00044900688862109517,0.0,-0.00012478658398462628,0.0,-0.0009148916596001255,0.0,-0.00033566558703010396,0.0,-0.0005591130015469015,0.0,-0.0002077858384936515,0.0,4.148386851018926e-05,0.0,0.00034568228418035973,0.0,-0.001317098768694791,0.0,0.000380332102034725,0.0,-0.0004967527982545905,0.0,0.0003492737801006618,0.0,6.36356154905815e-05,0.0,0.00045331281084379227,0.0,-5.25574685232566e-05,0.0,-1.2845262054944628e-05,0.0,0.0008550197662370584,0.0,7.239147072957142e-06,0.0,-0.00031569940473585856,0.0,-2.2364777483629972e-05,0.0,-0.00015887139088691105,0.0,-0.0014376207653834239,0.0,9.484679699967025e-06,0.0,0.0001918880570018211,0.0,-0.0004926682385720249,0.0,0.00024152538687383096,0.0,0.000344565947391573,0.0,-0.00014951808653476673,0.0,-0.0001253866456667474,0.0,-0.0011371279694073755,0.0
PFI,100,-0.003038241887439286,1.0,0.0020898292199740265,1.0,-0.00014975334785249927,1.0,0.022101181966327266,1.0,0.01243241165850728,1.0,-0.002561687853923411,0.0,-0.004228764547086428,0.0,0.0006840963932368549,0.0,0.021023885700832023,0.0,4.549155115851633e-05,0.0,0.0032952640436545444,0.0,-0.009336048519635654,0.0,-0.00030397611743304687,0.0,0.0009552278567026562,0.0,0.004551425134680764,0.0,-0.0056537731419683546,0.0,-0.0026214425892805426,0.0,0.002809468687354766,0.0,0.00047471966209489125,0.0,-9.694448120622923e-05,0.0,-0.0019947958858743675,0.0,0.0006833308094096324,0.0,0.006813813497649868,0.0,-0.003807596277200176,0.0,-0.003984081153043606,0.0,-0.020313196989313553,0.0,-0.00480322469351413,0.0,0.010992871891563283,0.0,0.010242072620225695,0.0,-0.003065411739676893,0.0,-0.001539026156902601,0.0,0.00032985784964889575,0.0,-0.006638539482083372,0.0,-0.0036663139737109773,0.0,0.004542763914668457,0.0,0.011256998902409165,0.0,-0.011371850065587719,0.0,-0.009586405423439581,0.0,0.007548265015871802,0.0,-0.008853924857607165,0.0,0.0068693508462560615,0.0,0.027089209074729004,0.0,-0.008491931934502928,0.0,-0.007457548918401891,0.0,0.016674200465189193,0.0,-0.006139289779351298,0.0,-0.000960059086779097,0.0,-0.00399788194767825,0.0,0.02038636467195154,0.0,0.0013288406022105015,0.0
PFI,250,0.0009945917222979883,1.0,0.05714695189920693,1.0,-0.004879736513830446,1.0,0.3079230601063496,1.0,0.02572471352398109,1.0,-0.02041010294139367,0.0,-0.0035013367800829087,0.0,-0.011597020178764517,0.0,0.010365960134179897,0.0,0.003100852763991524,0.0,0.00019637416935647245,0.0,0.01312703961782824,0.0,-0.002617263495872546,0.0,-0.007578087585045079,0.0,0.0009841631457643274,0.0,-0.010700743814478164,0.0,0.012888990304777748,0.0,0.00868880175351694,0.0,0.0034847427913478057,0.0,0.009109322983027246,0.0,-0.000912677919114202,0.0,0.0009231082072118646,0.0,-0.0006688888698753725,0.0,0.0026448317592113746,0.0,0.0033830456249259733,0.0,0.004526952036661092,0.0,-0.002722338862041429,0.0,-0.004915142899373448,0.0,0.0025095987322598656,0.0,-0.007945755528557141,0.0,0.0007146431644924345,0.0,-0.007891569108106289,0.0,-0.0062887304588394866,0.0,0.0007229141987850074,0.0,0.00329479365609342,0.0,0.013258816503272985,0.0,-0.007973940161878579,0.0,-0.00010814295230221482,0.0,0.0018598948733954401,0.0,0.013918974402602036,0.0,0.001835835585250578,0.0,-0.0031821836975713946,0.0,0.009062739717299761,0.0,0.016118904215284058,0.0,-0.007517720553939622,0.0,-0.03428765948596779,0.0,-0.018328135346079577,0.0,-0.008671497936602712,0.0,-0.005114084574292299,0.0,-0.004131277515340814,0.0
PFI,500,0.14666446269099986,1.0,0.14197956795182654,1.0,0.05537784046200356,1.0,1.1066491552331983,1.0,0.5750547399829091,1.0,6.94696886760493e-05,0.0,-0.003937300028023838,0.0,0.005060111333853978,0.0,0.012729778215101462,0.0,0.0008863089802311208,0.0,0.009865025555960472,0.0,0.010631445413697982,0.0,-0.0018152515839062744,0.0,-0.005845002981569536,0.0,-0.003430692409244873,0.0,-0.0012408050657901626,0.0,-0.0041954713299128255,0.0,-0.008779365152878027,0.0,-0.004610755317425941,0.0,0.0032610565196600216,0.0,0.00013798448963764365,0.0,0.005046432994631367,0.0,-0.006285054546621316,0.0,0.0013705828838845857,0.0,0.0017077788062584975,0.0,0.0017466801910432928,0.0,0.00237003999070029,0.0,-0.004390277222649175,0.0,-0.00644402141747813,0.0,0.0006439126296631237,0.0,-0.00013153484396610793,0.0,0.003190549069350901,0.0,-0.0031756403332867666,0.0,-0.008398106129748006,0.0,0.0026255724668535763,0.0,0.004066768771060492,0.0,-0.0006420220796437004,0.0,-0.0034615699821614054,0.0,-0.0062884389735189394,0.0,0.00030048149744121844,0.0,0.001141276875698649,0.0,-0.009434793604720104,0.0,0.013571340996197945,0.0,0.006823785811410632,0.0,-0.0016126959786089134,0.0,0.00219821419852817,0.0,0.0018269050487342842,0.0,0.008588448396240622,0.0,0.001241454986589785,0.0,-0.0012187761565753963,0.0
PFI,1000,0.18709754976967385,1.0,0.128444103685172,1.0,0.1198209518828568,1.0,0.7516671086693067,1.0,0.8087519447352924,1.0,0.0025657516726285134,0.0,-0.010208399536781543,0.0,-0.006939757747111086,0.0,0.0031671785966662647,0.0,-0.0006536800146934585,0.0,0.00010110728678691672,0.0,0.002830641703812642,0.0,-0.0012791804263951878,0.0,0.007559941029319006,0.0,0.0015285684968198154,0.0,-0.0008053912883951853,0.0,-0.0003664202758810742,0.0,-0.006450861148206366,0.0,-0.0013423379483861186,0.0,-0.0004130625908975727,0.0,-0.0013296900972166181,0.0,0.0004358871869365455,0.0,0.0004611316903635476,0.0,0.006051100247385088,0.0,-0.006218141263890642,0.0,-0.0016361353310452298,0.0,-0.0015295467252123274,0.0,-0.0024411028999149487,0.0,-0.0012493804945183928,0.0,-0.003407299419516674,0.0,-0.0013313238625065615,0.0,-0.0038440902575380687,0.0,0.0015719337872373007,0.0,0.006379258772856167,0.0,-0.002035624942541503,0.0,-0.0001396972334133384,0.0,-0.0004705081866178684,0.0,0.0005839254443118502,0.0,-0.00021066519976220555,0.0,-0.0011093435937770124,0.0,-0.0014012841725237202,0.0,0.002194943216386802,0.0,0.001509597271672325,0.0,-0.00019962103445414492,0.0,-0.0005857189536921936,0.0,4.174477521945441e-05,0.0,-0.004563651352922582,0.0,-0.002817641374410762,0.0,0.00020005814002677091,0.0,-0.004351809341343715,0.0
PFI,2000,0.4726872689609519,1.0,0.3589696112037948,1.0,0.5140323850994438,1.0,1.1477707423894241,1.0,1.3421209352374972,1.0,0.0015703756586057382,0.0,-0.0007194050290968423,0.0,0.0005008581293015624,0.0,-0.002614463370900877,0.0,-0.0007825135701293728,0.0,4.785763088632766e-05,0.0,0.004705778935110261,0.0,-0.0007052391126898261,0.0,-0.0037186757656549885,0.0,0.0005240293561850073,0.0,-0.00041977829966077795,0.0,0.0017408715240466721,0.0,0.0010813606169234324,0.0,0.0012243911159478538,0.0,0.0004722634595989428,0.0,-0.00015384997557654767,0.0,-0.0001651222204722691,0.0,-0.0008364306329566862,0.0,0.0026040429854041758,0.0,-0.0004701278731812364,0.0,-0.0020773728063834263,0.0,-0.0014479457106307825,0.0,-0.0022334340287630816,0.0,-0.0022423805851644607,0.0,-0.0014201141332990108,0.0,-0.001815842538291479,0.0,6.959237317027966e-05,0.0,8.939118721484896e-05,0.0,0.003872795115465344,0.0,0.0010904736648378321,0.0,0.000680215777217108,0.0,0.002375259983223077,0.0,-0.00036236457238547626,0.0,0.001346543351476992,0.0,0.001118604203345419,0.0,-0.0010439241522058884,0.0,-0.0028359259464288966,0.0,-0.00010914993917388038,0.0,-0.003997396376890894,0.0,1.9256632712627564e-05,0.0,0.0016200545580941084,0.0,2.9853275803293222e-05,0.0,-0.0006459123122962707,0.0,0.0003762939035629742,0.0,-0.0004358277634590735,0.0
PFI,5000,0.4564689421106144,1.0,0.437020058577271,1.0,0.7122035337454412,1.0,1.4261308751122646,1.0,1.493741721211209,1.0,-4.5207528171054e-05,0.0,0.00019285913396671628,0.0,-0.00047969457083185674,0.0,0.0006737228708456611,0.0,-0.0021648617533519543,0.0,0.0020027806993819786,0.0,0.0006145737089885417,0.0,0.0005577628403372614,0.0,-0.001997656483757715,0.0,0.00033769240933234634,0.0,-0.0003444570436597072,0.0,-0.0010353824906158549,0.0,-0.00013155405270204312,0.0,0.0006711729717072679,0.0,0.00022114182086452328,0.0,-0.0009876040337706282,0.0,0.0007013782377806033,0.0,-0.0007396136028415823,0.0,-5.4216320720335e-05,0.0,-0.0008257682446779491,0.0,-0.00022951428239570415,0.0,0.0005221290771352249,0.0,0.0007639100305507629,0.0,0.0010968591579788578,0.0,0.0010473147399751026,0.0,0.003648332135248844,0.0,-0.0013219037034412073,0.0,0.0003230204030229,0.0,0.0009489975280113638,0.0,-0.00042092854956232717,0.0,0.001312453776344924,0.0,0.0008570666225962142,0.0,0.00103173877401741,0.0,0.0003721919161996379,0.0,-0.0023651507634636637,0.0,-0.0015439292852075237,0.0,-0.0007515301615376169,0.0,-0.0004936148646805805,0.0,0.0005532603649329726,0.0,0.0004170180287538239,0.0,0.0007856609787231239,0.0,0.002634733082805263,0.0,-0.0005444480377087002,0.0,-0.0011782653940859422,0.0,-0.0007848799224917657,0.0
LOCO-W,100,-0.021922912854175303,1.0,0.06152761409731163,1.0,-0.009899018221933772,1.0,-0.09902004743246985,1.0,0.07142335952150555,1.0,0.1061865806862481,0.0,-0.04918983666900087,0.0,0.062033877897743256,0.0,0.4849403135118483,0.0,-0.032974588783365594,0.0,-0.09231324670508294,0.0,-0.3860243515890353,0.0,0.450211715559473,0.0,0.0490257282336365,0.0,-0.34647001454976223,0.0,-0.11488606587136357,0.0,0.45361641609887127,0.0,-0.11122295943328427,0.0,0.015729604547280514,0.0,-0.05414782985019906,0.0,-0.11308969582765441,0.0,0.06696293019861996,0.0,0.04899927607088422,0.0,-0.03711395210585815,0.0,0.021955474238055623,0.0,-0.03497140882372694,0.0,-0.4249130500886733,0.0,-0.08126379849238718,0.0,0.026176656538618365,0.0,0.09083572643952989,0.0,-0.0747459915275253,0.0,-0.08288720551519443,0.0,-0.12313897488544132,0.0,-0.11809834060745622,0.0,0.037787255612006215,0.0,-0.043061608315097775,0.0,-0.37200381080211703,0.0,0.0734846636366379,0.0,-0.3793290797135305,0.0,-0.03824111791878571,0.0,0.07650491507966212,0.0,0.16422962573462652,0.0,0.04091707674669684,0.0,0.0503755980360586,0.0,-0.020858451228875665,0.0,0.021244975808900217,0.0,-0.16923694533103706,0.0,-0.003849311795702831,0.0,0.021428523001085144,0.0,-0.09842441547109353,0.0
LOCO-W,250,0.8633949982784385,1.0,0.7893006035053003,1.0,0.46277200376634103,1.0,1.1067861111823134,1.0,0.05706349629950237,1.0,0.9173279372362029,0.0,0.627642426844221,0.0,-0.11447058908983843,0.0,-1.1744536548340778,0.0,-0.004594001956613715,0.0,0.02658655077612555,0.0,0.6926656820522973,0.0,0.6159503134007207,0.0,-0.34766903859941345,0.0,0.26207819223569795,0.0,-1.1447816778982158,0.0,-1.1773833399411984,0.0,-0.042314277860687366,0.0,0.6227573352695294,0.0,0.17348283679000123,0.0,0.4444819969791487,0.0,0.1859926547276369,0.0,-0.7339061891579982,0.0,-0.15552792490235479,0.0,0.00793716529950606,0.0,1.077549056833766,0.0,-0.7869309386631819,0.0,0.8699122469023325,0.0,-0.06582723785463804,0.0,1.3419850018799582,0.0,0.46802443185928516,0.0,0.49248572232586685,0.0,-0.888524828829867,0.0,-0.05667159875445146,0.0,0.9657148141559181,0.0,0.9582433105018427,0.0,0.9985847539469596,0.0,-0.4798597788278567,0.0,-0.19998982714174637,0.0,0.5455628271899011,0.0,1.0789247098454628,0.0,-0.12610854593748472,0.0,-0.4656959100897764,0.0,-0.716466848661651,0.0,-0.9910342089044648,0.0,-0.04608537544456329,0.0,1.250719067162883,0.0,-1.2110689050300534,0.0,0.90827959423245,0.0,0.1704007287861163,0.0
LOCO-W,500,0.29248540104065884,1.0,0.1063294390401025,1.0,-0.32895522430767876,1.0,0.2632612944037356,1.0,-0.5965898540638549,1.0,0.19887440643176363,0.0,-0.33329618308902026,0.0,-0.21786900649201973,0.0,0.1059330469540535,0.0,-0.22815484416089354,0.0,-0.08892722547524279,0.0,0.2042139317515382,0.0,0.2704382831858987,0.0,-0.34528864334031806,0.0,0.43689399510262805,0.0,-0.13072724288864568,0.0,0.28458305495827724,0.0,-0.13608508972328257,0.0,-0.1115512268554446,0.0,-0.29008803647464454,0.0,0.29276292005435617,0.0,-0.15580104929074942,0.0,0.45766276677900236,0.0,0.11063412754540777,0.0,-0.03211430718877617,0.0,-0.1892408559807232,0.0,0.3193682572717438,0.0,-0.21783749206387984,0.0,0.1168227652082595,0.0,0.08005349373133079,0.0,-0.19785489953814342,0.0,0.07430709069946552,0.0,0.29697888034644937,0.0,0.18399262879044895,0.0,0.08227263415527702,0.0,0.30773311170141127,0.0,-0.24920159047079712,0.0,-0.24499350000553072,0.0,-0.1636135346285347,0.0,0.14514861468267723,0.0,0.24231427585187199,0.0,0.0014997708905545345,0.0,-0.13996696238973436,0.0,0.012324212835680085,0.0,-0.05814021895295011,0.0,-0.21663495419533862,0.0,-0.009497455994809995,0.0,-0.17960904370086153,0.0,-0.0999437178807916,0.0,-0.18331671053944554,0.0
LOCO-W,1000,-0.03390045436226613,1.0,0.15169928407790445,1.0,0.32590672311722646,1.0,0.38653336709664554,1.0,0.7318662673008253,1.0,0.0541754397595471,0.0,-0.05710234076462271,0.0,0.0032818689260820603,0.0,0.23116023365270752,0.0,0.01811304395547288,0.0,0.24735380543213023,0.0,-0.07687687208628956,0.0,0.0008102897795921504,0.0,-0.012253720437434827,0.0,-0.010511473165445982,0.0,-0.22607973046556937,0.0,0.012574572464146493,0.0,0.041006907117378796,0.0,-0.06419914815511665,0.0,0.03883339245227959,0.0,-0.00610898207274002,0.0,0.004260856568045297,0.0,-0.08895525431815364,0.0,0.08883063151836111,0.0,0.19515127245911018,0.0,-0.04384460586759736,0.0,-0.015249951662797426,0.0,0.17514861910301574,0.0,-0.03560938335019628,0.0,-0.02350112307331961,0.0,-0.1506275409490942,0.0,0.13086036348299002,0.0,-0.001243347012017727,0.0,0.022068011831009683,0.0,-0.026054138920084496,0.0,-0.002932527996533209,0.0,0.03433652098971872,0.0,-0.088123301036588,0.0,0.04680596046877717,0.0,0.21497104867726954,0.0,0.0007462491676821265,0.0,-0.08552763856407723,0.0,0.02237838669333702,0.0,0.10265488272805656,0.0,-0.04179379394864154,0.0,0.04883930139620648,0.0,-0.07664132562622036,0.0,0.05471710299758991,0.0,0.058546993141352595,0.0,-0.046317729656511084,0.0
LOCO-W,2000,0.004159402885094411,1.0,0.11133124709607313,1.0,0.003742403362148068,1.0,0.7530275160222031,1.0,0.34287755913252244,1.0,-0.011481685656871842,0.0,0.002903346777617879,0.0,0.01739762564531634,0.0,0.012572192126639736,0.0,-0.026063695850598527,0.0,-0.03659888463526776,0.0,0.008936897466964643,0.0,-0.04268516330864182,0.0,0.012607155028927073,0.0,-0.062028160195609486,0.0,-0.06755212678876299,0.0,0.014220897845296008,0.0,-0.005520533967293913,0.0,0.00021861698218662897,0.0,0.04453965022777056,0.0,0.07036001834637347,0.0,0.05391976419968278,0.0,0.032576781082753616,0.0,0.0016284153897980684,0.0,0.01619665446530921,0.0,0.07769358267533828,0.0,-0.01728254203719108,0.0,-0.012132358593557163,0.0,0.019528016397096466,0.0,0.0003409464764453248,0.0,0.0035706325016586337,0.0,0.05378484845812743,0.0,0.008266210051780614,0.0,-0.01220585989444362,0.0,0.02222856616808927,0.0,0.00837766141021558,0.0,-0.0028380762068078353,0.0,-0.06528735804934749,0.0,0.14856975439801615,0.0,0.08055326072689889,0.0,0.024282842180683106,0.0,-0.00263993573320742,0.0,0.02895584341195821,0.0,0.01175371269519451,0.0,-0.00515296769248643,0.0,-0.07312724804915346,0.0,-0.01481854743078505,0.0,0.009146686177671962,0.0,0.05156680394524466,0.0,-0.02779693464285209,0.0
LOCO-W,5000,0.06635685502831346,1.0,0.09645833754463788,1.0,0.0713501591252836,1.0,0.3401624431905958,1.0,0.6075762272478104,1.0,-0.0356948521891055,0.0,-0.038047698536612745,0.0,-0.0033941674275707484,0.0,0.008375436424587056,0.0,0.03845855567505408,0.0,-0.0525991423064238,0.0,0.0507374891707867,0.0,0.0434704800317913,0.0,0.03139270691574307,0.0,0.029750368803270588,0.0,-0.023548712881604636,0.0,0.02169881518235451,0.0,-0.033563069303403914,0.0,0.011379300149298962,0.0,0.015046091718953365,0.0,-0.02510177909209341,0.0,0.006469704351062229,0.0,-0.034120357837944336,0.0,0.015604795158313992,0.0,0.015472714661177958,0.0,0.0008169736120040743,0.0,-0.05473349865368453,0.0,0.02245446398476602,0.0,-0.003417864950534592,0.0,0.027393711154976633,0.0,-0.029639414519877685,0.0,0.03527650921996573,0.0,-0.04216247833745678,0.0,-0.0010387148445660994,0.0,-0.0614687455002233,0.0,0.053187017140143664,0.0,-0.044005960942601646,0.0,-0.05469771451530043,0.0,0.017953997556516218,0.0,0.02317579271710952,0.0,-0.05101099768131989,0.0,-0.022230869271541304,0.0,-0.024317476312769138,0.0,-0.01076920714601486,0.0,-0.0009121057302807529,0.0,-0.0070864934981331555,0.0,-0.019371851300812006,0.0,0.024505289872480827,0.0,-0.014645742794298191,0.0,0.016306518378356036,0.0
LOCO-HD,100,-0.01680638637956644,1.0,-0.017313456295796392,1.0,-0.023465538551938003,1.0,0.08702343313198257,1.0,0.027487340606158206,1.0,-0.019198760842072282,0.0,0.03506098622155296,0.0,-0.003332437780688924,0.0,0.035811315192107784,0.0,0.002464164775957123,0.0,0.03229191409684118,0.0,-0.0207406180571561,0.0,0.00382211685264755,0.0,0.011117473197897354,0.0,0.0389881488833792,0.0,0.0005864613558497211,0.0,-0.0012431657836895482,0.0,0.012295257715039032,0.0,0.03542792092854574,0.0,0.002007309980291083,0.0,-0.0008992350615915079,0.0,-0.02339810213552518,0.0,0.005655226686056114,0.0,-0.0014845723155008095,0.0,0.0016300051323381304,0.0,-0.02027232460602857,0.0,-0.004177591843685491,0.0,0.027655599650158624,0.0,0.02016736366353289,0.0,0.04114810366317467,0.0,-0.02575388014036495,0.0,-0.031681936918923626,0.0,-0.017791289800209942,0.0,0.019291145940295795,0.0,0.02020805989399621,0.0,0.024136164923440617,0.0,-0.018808826497337172,0.0,0.00990061348746929,0.0,-0.0026570862758750202,0.0,0.017201617355171006,0.0,0.016010606303102914,0.0,0.012722794156634798,0.0,-0.022039103610487665,0.0,-0.014668736607831079,0.0,0.021723093293193774,0.0,-0.09858573561412931,0.0,-0.007494106108593357,0.0,-0.002125272859549554,0.0,0.09170422423548219,0.0,-0.007555151262404358,0.0
LOCO-HD,250,-0.00738568708786147,1.0,0.13425142722118033,1.0,0.05818443981760768,1.0,0.36969061204387477,1.0,0.10030015809647996,1.0,-0.10792450738212489,0.0,-0.011091629100107303,0.0,-0.05599908948593302,0.0,0.04374418014996162,0.0,-0.024011001391146536,0.0,0.011958412780457284,0.0,0.031052359419374342,0.0,-0.03561696863791064,0.0,0.027088386448221202,0.0,0.012709949035382362,0.0,0.0010070847715515363,0.0,-0.006555279879044473,0.0,-0.014230163035254373,0.0,0.026675673454222615,0.0,-0.049197925948007315,0.0,-0.020607180138365155,0.0,0.016914350661115796,0.0,-0.03616968073180571,0.0,0.038496864957549226,0.0,0.012288899422230326,0.0,-0.008663373199925273,0.0,0.009616769934615688,0.0,-0.002277776305131818,0.0,0.05235244982577614,0.0,-0.026711884024319676,0.0,-0.003009390293148728,0.0,-0.018668803973631576,0.0,-0.008184554790280352,0.0,-0.057268669973279174,0.0,0.0030924552556081952,0.0,0.006833647997502856,0.0,-0.07418336321941599,0.0,-0.020483714636206685,0.0,-0.04789987150640185,0.0,-0.03469828664361985,0.0,-0.006357606329489451,0.0,-0.0791879976730101,0.0,-0.0977499613698205,0.0,-0.023525828397097603,0.0,-0.07175345087145613,0.0,-0.118915484547919,0.0,-0.07791431615924238,0.0,-0.06440718362046027,0.0,-0.0217566787494905,0.0,-0.06719931279496083,0.0
LOCO-HD,500,0.10584634916291691,1.0,0.1323140879064184,1.0,0.04144705713954133,1.0,0.5472488338129857,1.0,0.9344052898428892,1.0,0.011077592306714124,0.0,-0.019325873500191326,0.0,0.008076846142374805,0.0,0.013246936414449406,0.0,-0.024095534403057117,0.0,0.00989199074677316,0.0,-0.017017203855510088,0.0,-0.011020771842735977,0.0,-0.005889817904054517,0.0,-0.004264973063704769,0.0,-0.02384371467455848,0.0,-0.026485709940672342,0.0,-0.0208856886308475,0.0,-0.022903378912872085,0.0,-0.03340587962678976,0.0,-0.023191050367429078,0.0,-0.011704921849895467,0.0,-0.03649590670805214,0.0,-0.01114630577289133,0.0,-0.006489372475319888,0.0,-0.023194957132491423,0.0,0.003024961892056366,0.0,-0.013051109331017274,0.0,-0.011449607033730658,0.0,-0.004679885509664805,0.0,0.00862558886972753,0.0,-0.020399796136691073,0.0,-0.01661693612078463,0.0,0.00043918998487790795,0.0,-0.012136133645697544,0.0,0.030973415058468845,0.0,-0.02952553204434305,0.0,0.006785423681120006,0.0,-0.05291345423717697,0.0,-0.032758695752548084,0.0,0.006457768511393569,0.0,-0.006667003376106262,0.0,-0.02028920639021381,0.0,-0.004011702799963768,0.0,-0.0033692507851810216,0.0,0.03509286103823306,0.0,0.013927093637739585,0.0,0.02913059035696608,0.0,0.007243163840842337,0.0,0.001568713931544341,0.0
LOCO-HD,1000,0.2808697833232252,1.0,0.17296450435447608,1.0,0.2816529004410371,1.0,1.1942966719555141,1.0,0.8142015207193967,1.0,0.018987579005231847,0.0,0.00549094048685661,0.0,0.02614032548200318,0.0,0.040175251059670014,0.0,0.01764332747326569,0.0,0.034744570128901975,0.0,0.005314282805948478,0.0,0.01252807131836331,0.0,0.021386987068128027,0.0,0.02034628398674898,0.0,0.001474062324815728,0.0,0.017587965679329187,0.0,0.01156196681145838,0.0,0.026857403735514707,0.0,0.02947235959929606,0.0,0.03050536270213766,0.0,0.02552141126283547,0.0,0.009947717643199239,0.0,0.04250126243788688,0.0,0.02282440956699361,0.0,0.04048592560788178,0.0,0.02586955337937713,0.0,0.04006240330865252,0.0,0.04314140971061775,0.0,0.04052350173063468,0.0,0.024247312973199264,0.0,0.04356898334373738,0.0,0.034846345820432,0.0,0.035635423851909875,0.0,0.011241667380663012,0.0,0.04163633694428559,0.0,0.025248801845203284,0.0,0.023024718908974062,0.0,0.0040093831801497615,0.0,0.03104238725639008,0.0,0.025667279763826434,0.0,0.016192209254972667,0.0,0.02369750481581301,0.0,0.02378274297578642,0.0,0.032906502196595744,0.0,0.01218007361420348,0.0,0.024987123659768296,0.0,0.03300196079662587,0.0,0.05289196970980048,0.0,0.03145351529103446,0.0
LOCO-HD,2000,0.33380720672951175,1.0,0.27615367132230545,1.0,0.24781804891073939,1.0,0.9522152656418812,1.0,1.2020550201268518,1.0,0.0015827170049391714,0.0,0.0006710999031850351,0.0,0.0009162616705977178,0.0,0.0006504539215857474,0.0,-0.001982300136570081,0.0,0.0009986780765591785,0.0,0.002841109750396087,0.0,-0.0007001227223353834,0.0,-0.0012479873137242747,0.0,0.003368775232076071,0.0,-0.0013041480722307819,0.0,1.1177242522308894e-05,0.0,0.0034071493215694915,0.0,0.0015222794267341633,0.0,-0.00030840338596954675,0.0,0.0006556512055515551,0.0,-0.007365416856194518,0.0,0.0026291668429245796,0.0,0.0023067171666749653,0.0,0.0002452504199179639,0.0,-0.00217280500240824,0.0,0.002059818784930889,0.0,-0.0016658632533838036,0.0,-0.0018315689554730397,0.0,-0.0019788182089766626,0.0,-0.0035663688437286845,0.0,-0.003244845138831831,0.0,-0.002026767064245927,0.0,0.001505849530960779,0.0,-0.0063340214293823305,0.0,-0.001901122586592363,0.0,0.0015772082657082853,0.0,-0.0022666643765713035,0.0,-0.0026109020594017873,0.0,0.0013964260580885401,0.0,-0.002540574186329969,0.0,-0.0012119247852928061,0.0,0.0003055885243448686,0.0,8.809844610957462e-05,0.0,-0.0022625083429590465,0.0,0.0041164733555316135,0.0,-0.0055799872097666015,0.0,0.0005084376547137004,0.0,0.0032517620275848147,0.0,0.001140644885715858,0.0
LOCO-HD,5000,0.2202815087999071,1.0,0.21519941334329712,1.0,0.32651433626692633,1.0,0.8812095534077573,1.0,0.8989480332872462,1.0,-0.0026667838210909234,0.0,0.005341184376963126,0.0,-0.0006880064619703141,0.0,-0.000728463972736515,0.0,-0.0008402078894389486,0.0,0.0009040969371590935,0.0,0.0005575631260176239,0.0,-0.003162330504555444,0.0,-0.0043227266329617375,0.0,-0.0007356597230069872,0.0,-0.0015792644514807108,0.0,-0.0019290293892510468,0.0,-0.0016665137594947255,0.0,0.0005097258434847429,0.0,0.00021727615371902598,0.0,-0.0011136593629974545,0.0,-0.002256392400069973,0.0,-0.0023392209921813123,0.0,-0.0017031139165147313,0.0,-0.00023174374463252878,0.0,-0.002315265150275192,0.0,-0.003241109642391382,0.0,-0.001069330724194073,0.0,-0.00118330481196538,0.0,-0.0010838124887137535,0.0,-0.004139742459150164,0.0,-0.0024983400760824614,0.0,-0.002389888639183768,0.0,0.0016673263494835777,0.0,-0.0006381933289508757,0.0,3.6853074093734506e-05,0.0,-0.0019368970312464984,0.0,-0.0024004300649627663,0.0,0.0008699716216821751,0.0,-0.0016296407332933582,0.0,6.149136085586981e-05,0.0,-0.0027017030202009518,0.0,-0.0018438107441291485,0.0,-0.00010086178856499872,0.0,-0.00104429372410908,0.0,-0.00027135295717767294,0.0,0.0014407866370383382,0.0,-0.0007423492346566585,0.0,0.0016769145523733986,0.0,0.0015225145673750107,0.0
Sobol-CPI,100,-0.023182570862057765,1.0,-0.006811890772339355,1.0,-0.011119953027816869,1.0,0.026572363793994774,1.0,-0.003994030599737719,1.0,-0.0020295105580028974,0.0,0.020988982032483387,0.0,-0.0010706127733644383,0.0,0.03926721540038557,0.0,0.002775456423727271,0.0,0.009204744220813198,0.0,-0.003947109874993667,0.0,-0.000701270008301617,0.0,-0.0033332185421928963,0.0,0.013945753381497037,0.0,0.0009367522834502814,0.0,-0.014038951268160548,0.0,0.0029514130831738193,0.0,0.004778170964831732,0.0,-0.0018110914401549753,0.0,-0.010510314156234898,0.0,-0.024983475811114365,0.0,0.019856614149241197,0.0,-0.000687529073769709,0.0,-0.001403237346883882,0.0,-0.03419170807608294,0.0,0.0010250022366677693,0.0,0.009572490377576105,0.0,0.024325352224419665,0.0,-0.011492542072836969,0.0,-0.000531662005173876,0.0,-0.024789696768482274,0.0,-0.023371666110601083,0.0,-0.003107829978573321,0.0,0.000484078411636745,0.0,0.022962819561992278,0.0,-0.008901620015121965,0.0,0.001377618443298758,0.0,0.004273777378574347,0.0,-0.004265955823221118,0.0,-0.0011554519718999388,0.0,0.010724348379547782,0.0,-0.014266934483284116,0.0,-0.011231021023286077,0.0,0.019612920863405315,0.0,-0.00472084722608409,0.0,0.008703007682358275,0.0,0.0008297254622559355,0.0,0.03612105074601417,0.0,0.0004683761692934074,0.0
Sobol-CPI,250,0.011990323513166977,1.0,0.10332440226483741,1.0,0.08582192190937438,1.0,0.27785384859781664,1.0,-0.15831342406825347,1.0,-0.034674823070467445,0.0,-0.007613773691659628,0.0,-0.017887009152668762,0.0,0.012388078407489003,0.0,0.002213687402719209,0.0,-0.009610180236755604,0.0,0.010772026476803075,0.0,0.011283759702557513,0.0,0.01265964090927462,0.0,0.007786059778164652,0.0,-0.004018315823354399,0.0,0.008471967589032873,0.0,0.006276933945556754,0.0,-0.006565314863441991,0.0,0.007549462627463494,0.0,-0.008891485921091133,0.0,0.00334222888096986,0.0,-0.0047259024049664065,0.0,0.002557077017587858,0.0,0.007407041091385169,0.0,0.0031546717132546974,0.0,-0.007596220093081856,0.0,-0.0035552942570048715,0.0,0.004674201152574906,0.0,0.008820225606282203,0.0,-0.0017804085396941145,0.0,0.010668393258177544,0.0,-0.007306747348303038,0.0,-0.0077995724705919155,0.0,-0.005747655537777367,0.0,0.0020333691051240975,0.0,-0.009720493972062455,0.0,0.002456626524378877,0.0,-0.008653959834526652,0.0,0.022531984025936536,0.0,0.0016857340959810375,0.0,0.0024639660150979105,0.0,-0.015444053394742963,0.0,0.014292569794374297,0.0,-0.004584090305342298,0.0,-0.024511436906960993,0.0,0.005508875785164904,0.0,-0.00858700160347736,0.0,-0.0020460975824655326,0.0,-0.026818240908802658,0.0
Sobol-CPI,500,0.1299103999656166,1.0,0.12508311501991515,1.0,0.039909936316507404,1.0,0.92147356522499,1.0,0.825883268299831,1.0,-0.0033830958203825787,0.0,-0.009780200157825564,0.0,0.0025571487923271453,0.0,0.0127549672627405,0.0,0.0058173174327622946,0.0,0.018315327043378838,0.0,0.003747100180330737,0.0,0.0037243558653000434,0.0,-0.0018190498201777299,0.0,0.0003576069751537513,0.0,-0.0020088107299813763,0.0,0.00027615224233341554,0.0,-0.006943038126034631,0.0,0.0022959821580129077,0.0,0.0020596381224922706,0.0,-0.004235719455071714,0.0,0.0026065777704605644,0.0,-0.008284303875222332,0.0,0.001925920232384444,0.0,-0.0019779812777280317,0.0,0.0012628953944041697,0.0,0.005199819435199739,0.0,-0.006438538529770751,0.0,-0.010083698417012347,0.0,0.008937444844118368,0.0,-0.003773034766731722,0.0,0.0027656848176151093,0.0,-0.0054026629882027374,0.0,-0.005777370390462954,0.0,-0.00044539734114487775,0.0,0.008965915273960635,0.0,-0.004809011438960678,0.0,0.006058230582016501,0.0,-0.008893729653000093,0.0,-0.009237973373979332,0.0,0.0006687323822922542,0.0,-0.0036590932930975306,0.0,0.0035254663567165427,0.0,0.004209728873162828,0.0,-0.004334722392432569,0.0,0.006569785860560838,0.0,0.000752896597372707,0.0,0.006854500780156539,0.0,0.0009511747127655673,0.0,-0.0036998536558463632,0.0
Sobol-CPI,1000,0.2591284437314893,1.0,0.02847483536664297,1.0,0.16401014842934378,1.0,0.9386284566120863,1.0,0.3990492034726311,1.0,0.0008534058641681255,0.0,-0.006144651276797075,0.0,0.001941502827406468,0.0,2.235063354636215e-06,0.0,-0.0007489782348091388,0.0,-0.0011534555347112144,0.0,0.0031402963583744103,0.0,0.0006924398565598029,0.0,-0.00268659713222984,0.0,0.0028358051961554476,0.0,-0.001190196592820219,0.0,-0.0012525293789829952,0.0,-0.00554436958542707,0.0,-0.002549057735201863,0.0,-0.00030207596028194815,0.0,0.0009999943615628239,0.0,0.0032103774354404627,0.0,-0.005383411895830593,0.0,0.004912430697006922,0.0,-0.0036350651132932674,0.0,0.0022135961502658705,0.0,-0.00019031184002456223,0.0,-0.0029202174096620956,0.0,0.0013589399961898355,0.0,-0.003042809783707491,0.0,0.00047825470359816243,0.0,-0.004062071303847811,0.0,-0.0012320305195939686,0.0,0.007230880002388765,0.0,-0.002543031707773216,0.0,0.0013885927719034766,0.0,-0.0011164739082321446,0.0,0.0025531785264823444,0.0,-0.0026389101241205337,0.0,-0.0003767730903311976,0.0,0.0009300628787446518,0.0,-7.679236121889078e-05,0.0,0.0006200432921062245,0.0,9.590278182263168e-05,0.0,0.0016144044759966475,0.0,0.000573240585447026,0.0,-0.0003864614570286588,0.0,0.0011342114634497159,0.0,-0.0006262994185334721,0.0,-0.004511246423591985,0.0
Sobol-CPI,2000,0.3012802331172997,1.0,0.17877982850023963,1.0,0.20294822392193806,1.0,0.6844908144240529,1.0,0.7838090305905006,1.0,-0.000552261193352843,0.0,-0.0005835481042539374,0.0,0.00016216320966127304,0.0,-0.0005802359796372859,0.0,-0.0013811163467521684,0.0,0.0002640526428375437,0.0,-4.293653313914616e-05,0.0,-3.274770756135238e-05,0.0,-0.001117186832784541,0.0,0.0002997787562561004,0.0,-0.0009188666564098654,0.0,0.0005115558436236178,0.0,0.0014900617292745281,0.0,0.0005210372809400779,0.0,-0.002621621172693931,0.0,0.001197472945082468,0.0,-0.003190379747924525,0.0,0.0001310053306930618,0.0,0.0012383339418590893,0.0,-0.001783350115129878,0.0,0.0003371607387546287,0.0,-1.047328474331238e-05,0.0,-0.0005886052491746425,0.0,-0.001817676453394946,0.0,-0.0009841685617976567,0.0,-0.0039139220740378585,0.0,-0.00012733838199913963,0.0,-0.0012571301251551481,0.0,0.0029261284647945926,0.0,-0.0015660088255841978,0.0,0.0020259970304226872,0.0,0.001918341698136655,0.0,-0.0008519482471598439,0.0,0.000371681536711885,0.0,0.000365714929860003,0.0,0.0010343910250209757,0.0,-0.0007538748713719738,0.0,0.00021165445943528637,0.0,-0.00017092409893834675,0.0,0.00028102633770044294,0.0,0.0007764396890875813,0.0,0.00011280234917782348,0.0,-9.667397578764523e-05,0.0,-0.0007415171082693282,0.0,-0.0008307982641386878,0.0
Sobol-CPI,5000,0.2197067915563319,1.0,0.1774522133849736,1.0,0.3148024134164033,1.0,0.7608580146172466,1.0,0.7512418843840826,1.0,-0.0008126070128412916,0.0,-0.0016580938428570637,0.0,-0.00025281669858442853,0.0,0.00026897832541086,0.0,0.0020320500305497763,0.0,-5.748228323826981e-05,0.0,-0.0002493947041479892,0.0,0.0004409255715958907,0.0,-0.0011764858571752664,0.0,0.0002730540995839179,0.0,0.00021245666079277312,0.0,-0.0007287118029693215,0.0,-0.0010911208148130882,0.0,-0.00033698463179887783,0.0,0.0002846222735632711,0.0,-0.0007853297921778466,0.0,-1.4497265089607035e-05,0.0,0.0005305011272447225,0.0,-0.0004109609960184337,0.0,-0.0012324604521227107,0.0,-0.0005536371042330679,0.0,9.35829544954768e-05,0.0,0.0002007455878580999,0.0,-0.0023566683362447652,0.0,0.0007848076234917787,0.0,-0.001193217191749342,0.0,-0.00015625431495561913,0.0,-0.00016448639880695226,0.0,0.0006462215620348017,0.0,-0.00047192119517961616,0.0,-1.2067990176749269e-05,0.0,-0.00047562384697155213,0.0,-0.0002299374125951777,0.0,-0.0006676541892081552,0.0,-0.000354182096888163,0.0,0.0001087872827633877,0.0,-0.0015723476754394429,0.0,-0.00010071656833213617,0.0,0.000273393930860788,0.0,-0.0004250888334963267,0.0,0.0006208268648710384,0.0,0.0009033674433569923,0.0,0.00016049209139011768,0.0,-0.0007306930013263972,0.0,-0.0016395300054065933,0.0
