method,corr,r2,imp_V0,pval0,imp_V1,pval1,imp_V2,pval2,imp_V3,pval3,imp_V4,pval4,imp_V5,pval5,imp_V6,pval6,imp_V7,pval7,imp_V8,pval8,imp_V9,pval9,imp_V10,pval10,imp_V11,pval11,tr_time
LOCO-W,0.0,0.5020873377787237,0.006954426920259849,0.24984973780223307,0.07055614307569184,0.0,0.03475826447706865,0.0004033493700831281,0.08615574081759557,2.4646951146678475e-14,-0.007984482134506574,0.780937149291702,-0.09286340677822372,1.0,0.09199435615290284,6.889161463519144e-10,0.08837460352816642,1.887379141862766e-15,-0.10874262668925835,1.0,0.14664477935423947,0.0,0.03003666830121678,0.0010767984903721217,0.048443508172927335,5.526299658997758e-07,82.04967617988586
LOCO-W,0.3,0.5005192519257392,0.05336881935982557,1.1096011343081358e-07,-0.03097028392410525,0.9994452483230883,-0.005481548543940062,0.7036063316484436,-0.0031336846059340884,0.6572847273715432,0.013975358225126685,0.06265498273360237,0.019022423045183836,0.05591373500391339,0.011842863185292374,0.1192105116176676,0.0008594212823847745,0.4707645495163987,0.008945298306561272,0.22884303037289166,0.00020809405701641896,0.49292725165618123,-0.00013238348549229868,0.5060993942972885,-0.06885944103192604,0.9999999990899949,82.85365462303162
LOCO-W,0.6,0.5045330421768464,0.08638957895670167,4.244149476306802e-11,-0.004302999155355832,0.6486611394509401,0.03602996373317265,5.322774338245573e-05,-0.008483480532219074,0.7388239077945704,0.05554470892555657,1.984065831406312e-06,0.02481776199705748,0.014455091480568671,-0.011335703689124402,0.8970768851177833,-0.10436951376562979,0.9999999999999999,0.01764813988278238,0.04476696174956474,0.10625234602812701,2.220446049250313e-16,0.021428391662658905,0.030685362674506722,0.054431212849981495,2.4656623243135556e-07,80.51671600341797
LOCO-W,0.9,0.5049450092829946,0.04069741511126721,0.00011584605722292363,0.041159081071307294,3.224066810814108e-05,0.048710675808694766,5.347594272508971e-06,0.08557203068298752,3.352873534367973e-13,0.07516543531701221,1.4122517599801654e-09,0.1514923610484583,0.0,-0.006885999484993103,0.7221524514475568,0.025294222982535634,0.016930615993998033,-0.025568398840192113,0.9793811823280156,0.03718133034275808,0.0023167661301974896,0.1497876640688207,0.0,0.11166249529252284,6.439293542825908e-15,78.78178334236145
CPI,0.0,0.5020873377787237,0.0035453795242697816,0.00951123305582722,0.023873773474522075,0.0002904402413624831,0.003828305672833432,0.001754671474098307,0.008171461979716327,0.00012930948894329127,0.009084700306037613,0.0021885098535805707,0.0059190719630034805,0.0002473555559959706,0.012019670233811286,8.977365201358045e-05,0.003787189695539095,0.0025858757452358384,0.004746252852313698,0.00108694167557551,0.04720284433913946,8.302391793499603e-08,0.09532485494410542,1.6050438355343684e-12,0.003159980772047294,0.018807821025981643,22.20397162437439
CPI,0.3,0.5005192519257392,0.0041631524295827615,0.0038169446418068486,0.02273931407051491,0.00030316016135226295,0.0030887264509378842,0.006002298745502116,0.012436034703933896,7.594485677714991e-07,0.009507124485711005,0.0019405956551133187,0.00562741925639354,0.0004080851798257996,0.011665297359604337,3.577972161749895e-06,0.0025085956635683415,0.055918927144672614,0.004393294645887502,0.0032787682502612744,0.046157483490271656,8.232062327813098e-08,0.09500975340601892,2.863161112722617e-13,-0.00034341466596776726,0.5844486468657646,10.088054180145264
CPI,0.6,0.5045330421768464,0.004096624533744764,0.004544088796231507,0.022872669964897896,0.0004390986837677835,0.00384181655405072,0.0020593335653607747,0.013976936466025991,5.295817746616919e-08,0.009693302638606627,0.0008757344533020278,0.0030560132141773666,0.0031220235294849045,0.005577675862105447,0.0006892688276018795,0.002701684737452581,0.028973399277650573,0.004980261790497181,0.0011414906991253177,0.047681646016039386,1.797063050531189e-08,0.09690348790448106,5.521900763500291e-13,-0.0003281490880724658,0.6459324578867953,9.974939107894897
CPI,0.9,0.5049450092829946,0.005215762058669443,0.0004054322363968737,0.02122050360645661,0.0009400719329742489,0.0036937259942103895,0.0028008216522176113,0.01251704950012339,1.5040656769925842e-08,0.009403745978026734,0.0013051326225351507,0.0009825220885223418,0.06288002086556303,0.001294304891801018,0.10897815039819364,0.002556584979111237,0.042789082206458565,0.004379052588855403,0.003555562302691051,0.04855151569128205,2.965569431997321e-09,0.0952855961136442,3.74121803552234e-14,0.00035089539716440243,0.20945312507937058,11.484548568725586
CPI_sqrt,0.0,0.5020873377787237,0.0035453795242697816,0.46161438579855185,0.023873773474522075,0.2858694255240145,0.003828305672833432,0.4583356563252752,0.008171461979716327,0.41378518817644705,0.009084700306037613,0.4066495367272558,0.0059190719630034805,0.43641211865096224,0.012019670233811286,0.3774042287120905,0.003787189695539095,0.4588297510206138,0.004746252852313698,0.4487260564243379,0.04720284433913946,0.1433036743402214,0.09532485494410542,0.025763813520166687,0.003159980772047294,0.4657837209426113,19.82620143890381
CPI_sqrt,0.3,0.5005192519257392,0.0041631524295827615,0.45501143005308486,0.02273931407051491,0.2937126659665912,0.0030887264509378842,0.4662880567485918,0.012436034703933896,0.3712914357140057,0.009507124485711005,0.4026532248375581,0.00562741925639354,0.43949147556450613,0.011665297359604337,0.37904952522120267,0.0025085956635683415,0.47286714077667574,0.004393294645887502,0.4526070422633664,0.046157483490271656,0.14760115444876765,0.09500975340601892,0.02496790133493369,-0.00034341466596776726,0.5037139118728159,9.899841070175171
CPI_sqrt,0.6,0.5045330421768464,0.004096624533744764,0.45573917915252554,0.022872669964897896,0.29370106900565496,0.00384181655405072,0.45822065237964277,0.013976936466025991,0.3561712956408102,0.009693302638606627,0.40029311473622886,0.0030560132141773666,0.46654178916990363,0.005577675862105447,0.4401224470234443,0.002701684737452581,0.47066081902828,0.004980261790497181,0.4463349475625449,0.047681646016039386,0.13888583635905866,0.09690348790448106,0.023745825981704757,-0.0003281490880724658,0.5036208243103142,9.979488849639893
CPI_sqrt,0.9,0.5049450092829946,0.005215762058669443,0.44369996464706923,0.02122050360645661,0.3071338264737622,0.0036937259942103895,0.45981926995987055,0.01251704950012339,0.3693952812285133,0.009403745978026734,0.40327678997865046,0.0009825220885223418,0.4890891082813468,0.001294304891801018,0.48578975827824833,0.002556584979111237,0.47228083404049165,0.004379052588855403,0.4527738103660459,0.04855151569128205,0.13285564578092357,0.0952855961136442,0.02360860320796839,0.00035089539716440243,0.4960802314482932,10.00299596786499
CPI_n,0.0,0.5020873377787237,0.0035453795242697816,0.12806428912894485,0.023873773474522075,0.002615787112543815,0.003828305672833432,0.09504368837098787,0.008171461979716327,0.016825748388529915,0.009084700306037613,0.029156852265173967,0.0059190719630034805,0.03684059070421307,0.012019670233811286,0.006309274508178958,0.003787189695539095,0.10072321530791417,0.004746252852313698,0.06646343899875212,0.04720284433913946,4.478637358207736e-06,0.09532485494410542,2.2679302541035544e-10,0.003159980772047294,0.15636177578824256,19.886233806610107
CPI_n,0.3,0.5005192519257392,0.0041631524295827615,0.09459180391467698,0.02273931407051491,0.0028997484629061606,0.0030887264509378842,0.13837473126263883,0.012436034703933896,0.0015206899562436713,0.009507124485711005,0.026237489169040777,0.00562741925639354,0.043659301513223836,0.011665297359604337,0.0027891122980227613,0.0025085956635683415,0.2156724209587168,0.004393294645887502,0.08664387631618375,0.046157483490271656,4.780635518801341e-06,0.09500975340601892,6.707135598878011e-11,-0.00034341466596776726,0.5424625005257254,9.905865907669067
CPI_n,0.6,0.5045330421768464,0.004096624533744764,0.09887162765247448,0.022872669964897896,0.0035135228002350035,0.00384181655405072,0.09635561753199001,0.013976936466025991,0.000488657460659088,0.009693302638606627,0.01974559009944219,0.0030560132141773666,0.13128254564174674,0.005577675862105447,0.04814416244269531,0.002701684737452581,0.1866931448982429,0.004980261790497181,0.06229034390762652,0.047681646016039386,1.6973213590709016e-06,0.09690348790448106,9.815317056437643e-11,-0.0003281490880724658,0.5524908671046722,9.979156255722046
CPI_n,0.9,0.5049450092829946,0.005215762058669443,0.04982108130478488,0.02122050360645661,0.0059474629042223035,0.0036937259942103895,0.10476932859056504,0.01251704950012339,0.0006081709526370656,0.009403745978026734,0.023496043009171134,0.0009825220885223418,0.33131135566179226,0.001294304891801018,0.3133308656321807,0.002556584979111237,0.2045663300052763,0.004379052588855403,0.0880690122630296,0.04855151569128205,5.373501806657881e-07,0.0952855961136442,1.569465599523689e-11,0.00035089539716440243,0.43185920184581417,9.90415072441101
CPI_bt,0.0,0.5020873377787237,0.0035453795242697816,0.013966522059341199,0.023873773474522075,3.815025633757012e-47,0.003828305672833432,0.008783834951833835,0.008171461979716327,2.1019631619955098e-07,0.009084700306037613,1.031728221126833e-08,0.0059190719630034805,0.00012125105007112531,0.012019670233811286,6.050326890003001e-14,0.003787189695539095,0.009402783962071693,0.004746252852313698,0.0016230360681610205,0.04720284433913946,7.196637971185786e-173,0.09532485494410542,0.0,0.003159980772047294,0.025014096720358106,20.55427122116089
CPI_bt,0.3,0.5005192519257392,0.0041631524295827615,0.00491382068222589,0.02273931407051491,4.075287707239342e-43,0.0030887264509378842,0.027664051355768344,0.012436034703933896,7.330305182192985e-15,0.009507124485711005,2.2906243547995615e-09,0.00562741925639354,0.0002429152269660446,0.011665297359604337,2.7455893756474247e-13,0.0025085956635683415,0.05991302066959216,0.004393294645887502,0.0032277951547013133,0.046157483490271656,5.041276356605522e-165,0.09500975340601892,0.0,-0.00034341466596776726,0.5843163380074268,10.588733434677124
CPI_bt,0.6,0.5045330421768464,0.004096624533744764,0.005536345302159119,0.022872669964897896,1.0043756290186395e-43,0.00384181655405072,0.008581717256093987,0.013976936466025991,2.7856051659675356e-18,0.009693302638606627,1.0755152409460534e-09,0.0030560132141773666,0.028954130470460297,0.005577675862105447,0.0002728973906797642,0.002701684737452581,0.04690429643167474,0.004980261790497181,0.0010074283601134689,0.047681646016039386,7.670011182325545e-174,0.09690348790448106,0.0,-0.0003281490880724658,0.5807058843201292,10.673986911773682
CPI_bt,0.9,0.5049450092829946,0.005215762058669443,0.0006098025355721374,0.02122050360645661,6.342059138990443e-38,0.0036937259942103895,0.010969841358292974,0.01251704950012339,4.697721496770902e-15,0.009403745978026734,3.2389109941705748e-09,0.0009825220885223418,0.2709188663143696,0.001294304891801018,0.21091021798880033,0.002556584979111237,0.05642258043217203,0.004379052588855403,0.003313145346818654,0.04855151569128205,2.413956204170813e-184,0.0952855961136442,0.0,0.00035089539716440243,0.41375736596553114,10.665435791015625
CPI_sqd,0.0,0.5020873377787237,0.0035453795242697816,0.0,0.023873773474522075,0.0,0.003828305672833432,0.0,0.008171461979716327,0.0,0.009084700306037613,0.0,0.0059190719630034805,0.0,0.012019670233811286,0.0,0.003787189695539095,0.0,0.004746252852313698,0.0,0.04720284433913946,0.0,0.09532485494410542,0.0,0.003159980772047294,0.0,20.567312002182007
CPI_sqd,0.3,0.5005192519257392,0.0041631524295827615,0.0,0.02273931407051491,0.0,0.0030887264509378842,0.0,0.012436034703933896,0.0,0.009507124485711005,0.0,0.00562741925639354,0.0,0.011665297359604337,0.0,0.0025085956635683415,0.0,0.004393294645887502,0.0,0.046157483490271656,0.0,0.09500975340601892,0.0,-0.00034341466596776726,1.0,10.6416015625
CPI_sqd,0.6,0.5045330421768464,0.004096624533744764,0.0,0.022872669964897896,0.0,0.00384181655405072,0.0,0.013976936466025991,0.0,0.009693302638606627,0.0,0.0030560132141773666,0.0,0.005577675862105447,0.0,0.002701684737452581,0.0,0.004980261790497181,0.0,0.047681646016039386,0.0,0.09690348790448106,0.0,-0.0003281490880724658,1.0,10.674146890640259
CPI_sqd,0.9,0.5049450092829946,0.005215762058669443,0.0,0.02122050360645661,0.0,0.0036937259942103895,0.0,0.01251704950012339,0.0,0.009403745978026734,0.0,0.0009825220885223418,0.0,0.001294304891801018,0.0,0.002556584979111237,0.0,0.004379052588855403,0.0,0.04855151569128205,0.0,0.0952855961136442,0.0,0.00035089539716440243,0.0,10.6250741481781
S-CPI,0.0,0.5020873377787237,0.0030753098741305566,0.06182507731365055,0.029461734322819944,0.0022298096015745217,0.005184560940908114,0.0026892650003105508,0.010194525335373673,0.0005719658390471444,0.01082660285529709,0.0012980717790406259,0.008508086730311115,0.00040717035967130673,0.01704682395544913,2.439557667299885e-05,0.0038192060456987923,0.03967873933808746,0.00787263634152733,0.00010304027973049306,0.06073928364087771,3.885408266703156e-08,0.08547075566563049,2.5143368977914317e-06,0.002697891732592959,0.0602251350135958,21.613053560256958
S-CPI,0.3,0.5005192519257392,0.0034837609846049607,0.05129032339322683,0.029260894291393558,0.0018142440255288102,0.004652130193502837,0.0038887551256292217,0.014358061814192424,6.9214103297949404e-06,0.010557844303971614,0.0021131507257509995,0.006826269071885004,0.00014058975980349905,0.011612816758218418,0.0003188962624068292,0.002820735228244896,0.10060023863774648,0.006910767581134534,0.0015658334247039057,0.060962277182923595,3.30994348565514e-08,0.08483329976268626,1.954643142559102e-06,-0.000637685263739287,0.6074575822377418,11.62612771987915
S-CPI,0.6,0.5045330421768464,0.0038169011798026213,0.02735709051453376,0.02998692490188728,0.0019638965408162166,0.0058133869100369055,0.0008412040904087432,0.015150167767623719,6.384205355688667e-06,0.01224687665833128,0.00025340595371206365,0.004508029606907165,0.0005066416491981098,0.006065194873787407,0.007932302335588845,0.002149303559229548,0.155917068192985,0.006945484819777828,0.0009978439280629847,0.061124166885566204,2.9721538522226393e-08,0.08312811549279865,2.697424530613028e-06,-0.00026494067378449426,0.59272763639756,11.75305962562561
S-CPI,0.9,0.5049450092829946,0.004647660478463231,0.0061787383346992705,0.02794474771775907,0.003195749944781514,0.005147415325031127,0.0018268051528150125,0.013875436995777807,5.069653974613917e-06,0.01147637809014143,0.0006077632573370686,0.001499822616965816,0.0365435271922619,0.0008904634833620503,0.3016041494295318,0.0026568039086408905,0.10665777704579399,0.00689470154120898,0.000904151522733355,0.06014705124548961,2.041566221681708e-08,0.07972411597700563,2.9373677773304965e-06,-0.000156525770281448,0.6145267908388522,11.844526052474976
S-CPI_sqrt,0.0,0.5020873377787237,0.0030753098741305566,0.46712398747771977,0.029461734322819944,0.2592883711349168,0.005184560940908114,0.4444915186160284,0.010194525335373673,0.395352896302025,0.01082660285529709,0.39030963369253974,0.008508086730311115,0.41100357491658035,0.01704682395544913,0.33293233866032756,0.0038192060456987923,0.4593914174762001,0.00787263634152733,0.41663846865472315,0.06073928364087771,0.09614093375266652,0.08547075566563049,0.056758699322919846,0.002697891732592959,0.4709488215292377,21.58839249610901
S-CPI_sqrt,0.3,0.5005192519257392,0.0034837609846049607,0.46290502652120885,0.029260894291393558,0.2593354669840822,0.004652130193502837,0.4500068699253067,0.014358061814192424,0.35489238717344995,0.010557844303971614,0.3932226415278957,0.006826269071885004,0.42712048751463766,0.011612816758218418,0.3819984550356136,0.002820735228244896,0.470008265787334,0.006910767581134534,0.42711981263556753,0.060962277182923595,0.09523659619129715,0.08483329976268626,0.05693197844848645,-0.000637685263739287,0.5067625968934273,11.659126043319702
S-CPI_sqrt,0.6,0.5045330421768464,0.0038169011798026213,0.45920952272382937,0.02998692490188728,0.25574880463120736,0.0058133869100369055,0.43779094291747345,0.015150167767623719,0.34790892640647586,0.01224687665833128,0.3761390662908022,0.004508029606907165,0.4510526253540964,0.006065194873787407,0.43624963313546467,0.002149303559229548,0.4770883478236141,0.006945484819777828,0.42658036429573853,0.061124166885566204,0.09460045130579825,0.08312811549279865,0.06030040166235979,-0.00026494067378449426,0.5029030824430532,11.719678163528442
S-CPI_sqrt,0.9,0.5049450092829946,0.004647660478463231,0.45020164221336456,0.02794474771775907,0.269666725096397,0.005147415325031127,0.4447511149605601,0.013875436995777807,0.358999382940034,0.01147637809014143,0.383772798504486,0.001499822616965816,0.4834371581998142,0.0008904634833620503,0.49039754861722484,0.0026568039086408905,0.4716939421474309,0.00689470154120898,0.4270394830204529,0.06014705124548961,0.09666921666728245,0.07972411597700563,0.0658020805649035,-0.000156525770281448,0.5017434801185391,11.718399286270142
S-CPI_n,0.0,0.5020873377787237,0.0030753098741305566,0.1969854878689905,0.029461734322819944,0.006924415760639513,0.005184560940908114,0.06773519877307531,0.010194525335373673,0.015830629201981708,0.01082660285529709,0.01875795781410862,0.008508086730311115,0.020213205846937494,0.01704682395544913,0.001666246454769665,0.0038192060456987923,0.15661441728538972,0.00787263634152733,0.017436560687392445,0.06073928364087771,1.2843169971347893e-06,0.08547075566563049,1.3211314715038167e-05,0.002697891732592959,0.21014302416881658,21.542986154556274
S-CPI_n,0.3,0.5005192519257392,0.0034837609846049607,0.17607596450431529,0.029260894291393558,0.006080941783178444,0.004652130193502837,0.0829743001109613,0.014358061814192424,0.00173874578186917,0.010557844303971614,0.02319965738039598,0.006826269071885004,0.025225072713650903,0.011612816758218418,0.01023608439276784,0.002820735228244896,0.2299639176802996,0.006910767581134534,0.04006982208127381,0.060962277182923595,1.1402037951518266e-06,0.08483329976268626,1.0965478023602223e-05,-0.000637685263739287,0.5641479380127636,11.62384581565857
S-CPI_n,0.6,0.5045330421768464,0.0038169011798026213,0.14431584474543901,0.02998692490188728,0.006259086280658666,0.0058133869100369055,0.04650487986796861,0.015150167767623719,0.0014353963509125126,0.01224687665833128,0.00851149790957646,0.004508029606907165,0.06528505373373274,0.006065194873787407,0.07072413094439726,0.002149303559229548,0.2825118765631447,0.006945484819777828,0.03588330981780472,0.061124166885566204,1.0520033351224538e-06,0.08312811549279865,1.4545731543910493e-05,-0.00026494067378449426,0.5385191069919666,11.712270259857178
S-CPI_n,0.9,0.5049450092829946,0.004647660478463231,0.09009618065909186,0.02794474771775907,0.009219691120116344,0.005147415325031127,0.06395686416195032,0.013875436995777807,0.0017561923047110849,0.01147637809014143,0.013035455273808038,0.001499822616965816,0.2699679340488188,0.0008904634833620503,0.3943720128344326,0.0026568039086408905,0.23903375516904768,0.00689470154120898,0.03554726578163506,0.06014705124548961,8.575592601436909e-07,0.07972411597700563,1.655249353082593e-05,-0.000156525770281448,0.5290471964921624,13.27925419807434
S-CPI_bt,0.0,0.5020873377787237,0.0030753098741305566,0.028397717003811874,0.029461734322819944,6.637785178727324e-66,0.005184560940908114,0.0006571583860685241,0.010194525335373673,1.5583127842511985e-10,0.01082660285529709,1.2904963706542793e-11,0.008508086730311115,7.105530497518696e-08,0.01704682395544913,6.046494003939985e-26,0.0038192060456987923,0.009007598422089093,0.00787263634152733,5.433450599188173e-07,0.06073928364087771,2.9568440342812443e-270,0.08547075566563049,0.0,0.002697891732592959,0.04722494609278551,22.210681438446045
S-CPI_bt,0.3,0.5005192519257392,0.0034837609846049607,0.015475747773468157,0.029260894291393558,5.3928242253656455e-65,0.004652130193502837,0.0019635295785048338,0.014358061814192424,3.9474763588040213e-19,0.010557844303971614,3.905412606668558e-11,0.006826269071885004,1.1674576226342641e-05,0.011612816758218418,3.968720878003172e-13,0.002820735228244896,0.04039668312042083,0.006910767581134534,9.478371055252909e-06,0.060962277182923595,4.526505653693318e-270,0.08483329976268626,0.0,-0.000637685263739287,0.6533991287972527,12.200584411621094
S-CPI_bt,0.6,0.5045330421768464,0.0038169011798026213,0.0089905965253144,0.02998692490188728,4.873575330035608e-68,0.0058133869100369055,0.00015813981342760878,0.015150167767623719,5.01992502833505e-21,0.01224687665833128,2.1496205732095057e-14,0.004508029606907165,0.0025824774588681203,0.006065194873787407,8.753003594945959e-05,0.002149303559229548,0.0916206987161885,0.006945484819777828,8.609658410387172e-06,0.061124166885566204,4.037304077357917e-277,0.08312811549279865,0.0,-0.00026494067378449426,0.5652924128772386,12.296679496765137
S-CPI_bt,0.9,0.5049450092829946,0.004647660478463231,0.001988695637392416,0.02794474771775907,2.9874793926688153e-60,0.005147415325031127,0.0007116369677860108,0.013875436995777807,5.568990317025959e-18,0.01147637809014143,7.561726232551732e-13,0.001499822616965816,0.17592090821176543,0.0008904634833620503,0.2904877954567666,0.0026568039086408905,0.04993884896091278,0.00689470154120898,9.843644702607057e-06,0.06014705124548961,4.5407100072452545e-261,0.07972411597700563,0.0,-0.000156525770281448,0.5387114881088513,12.357308149337769
S-CPI_sqd,0.0,0.5020873377787237,0.0030753098741305566,0.0,0.029461734322819944,0.0,0.005184560940908114,0.0,0.010194525335373673,0.0,0.01082660285529709,0.0,0.008508086730311115,0.0,0.01704682395544913,0.0,0.0038192060456987923,0.0,0.00787263634152733,0.0,0.06073928364087771,0.0,0.08547075566563049,0.0,0.002697891732592959,0.0,22.32101345062256
S-CPI_sqd,0.3,0.5005192519257392,0.0034837609846049607,0.0,0.029260894291393558,0.0,0.004652130193502837,0.0,0.014358061814192424,0.0,0.010557844303971614,0.0,0.006826269071885004,0.0,0.011612816758218418,0.0,0.002820735228244896,0.0,0.006910767581134534,0.0,0.060962277182923595,0.0,0.08483329976268626,0.0,-0.000637685263739287,1.0,12.257225751876831
S-CPI_sqd,0.6,0.5045330421768464,0.0038169011798026213,0.0,0.02998692490188728,0.0,0.0058133869100369055,0.0,0.015150167767623719,0.0,0.01224687665833128,0.0,0.004508029606907165,0.0,0.006065194873787407,0.0,0.002149303559229548,0.0,0.006945484819777828,0.0,0.061124166885566204,0.0,0.08312811549279865,0.0,-0.00026494067378449426,1.0,12.368830442428589
S-CPI_sqd,0.9,0.5049450092829946,0.004647660478463231,0.0,0.02794474771775907,0.0,0.005147415325031127,0.0,0.013875436995777807,0.0,0.01147637809014143,0.0,0.001499822616965816,0.0,0.0008904634833620503,0.0,0.0026568039086408905,0.0,0.00689470154120898,0.0,0.06014705124548961,0.0,0.07972411597700563,0.0,-0.000156525770281448,1.0,12.283892154693604
S-CPI2,0.0,0.5020873377787237,0.0031024224380786737,0.09117084603800485,0.026361764592922908,0.006811911416959474,0.005429035971322814,0.0021331175014692285,0.010191150324513057,0.0007714499171384598,0.011814436147453831,0.0009048323271156144,0.00844105811612364,0.0007204768051901427,0.016142724606210964,8.581862492875723e-05,0.00527809835977465,0.010091385069712362,0.008031790394969809,0.00013308961816132223,0.059115708419202856,5.909441840715922e-08,0.09364744704123106,4.3066311047033143e-07,0.0023968073326608983,0.09338246485973123,40.0308198928833
S-CPI2,0.3,0.5005192519257392,0.0035766799050462542,0.07315712218267402,0.026119749115659025,0.006107154896998624,0.005163272565164715,0.0025788683709680577,0.014617619018703065,7.804505051787821e-06,0.011817269425857308,0.0015651606572125406,0.006526391427175808,0.00041512004000332357,0.011360048981556847,0.0007396331330038012,0.003940548133394361,0.042102098812558685,0.0069513495678853445,0.0019781823334787747,0.057958997208703816,7.677931082365072e-08,0.09050424907210436,6.149113002926239e-07,-0.0006223842450315698,0.6001602689626171,30.07381534576416
S-CPI2,0.6,0.5045330421768464,0.003912170816316347,0.047568620834178704,0.027377204391169106,0.005403443749646204,0.005981617502222025,0.000935578934240977,0.015683777788176107,5.6432231404881215e-06,0.013546889849106975,0.0001596603702834672,0.004396118264430063,0.0004461310874415137,0.0052877885397847576,0.02535981362575805,0.003208061941363568,0.07335892619392946,0.006690610201225037,0.001959613087683728,0.05739664957967958,8.640121271877631e-08,0.08997126270874943,8.415231320594048e-07,-0.00032414486723493605,0.6078113606963926,30.260095357894897
S-CPI2,0.9,0.5049450092829946,0.0040882384439227485,0.022947347425482198,0.02508468023711699,0.009225512055854137,0.005477360351670881,0.0012988569267279645,0.014489488277594522,5.150705017571226e-06,0.012379369968733468,0.00048007936821446343,0.0012124313734847279,0.04429111517152802,0.0007351766487832276,0.3460441182431223,0.004034381110964249,0.03434159120995649,0.007030815440225743,0.001071158401571254,0.057868249800413774,2.7380822024153494e-08,0.08573167982437187,1.4017013290236889e-06,-0.00041376472753442014,0.7615500696937976,30.03184199333191
S-CPI2_sqrt,0.0,0.5020873377787237,0.0031024224380786737,0.4671242698083825,0.026361764592922908,0.2831428027226931,0.005429035971322814,0.4419497914972136,0.010191150324513057,0.395609908594734,0.011814436147453831,0.381162972356623,0.00844105811612364,0.41194000257958197,0.016142724606210964,0.34167114106815233,0.00527809835977465,0.44410888003552795,0.008031790394969809,0.4151610492674486,0.059115708419202856,0.1015189820011741,0.09364744704123106,0.042322302850229275,0.0023968073326608983,0.47424041510308756,40.15354132652283
S-CPI2_sqrt,0.3,0.5005192519257392,0.0035766799050462542,0.46224866058721736,0.026119749115659025,0.2838214380419225,0.005163272565164715,0.4446933434605562,0.014617619018703065,0.35268343906283167,0.011817269425857308,0.3817596388186408,0.006526391427175808,0.4304239908941793,0.011360048981556847,0.3849936407408421,0.003940548133394361,0.4582226980385978,0.0069513495678853445,0.42683752339731723,0.057958997208703816,0.10542673624330429,0.09050424907210436,0.04667451509491453,-0.0006223842450315698,0.5065803695156911,30.126516342163086
S-CPI2_sqrt,0.6,0.5045330421768464,0.003912170816316347,0.45859074644554676,0.027377204391169106,0.27595268178294574,0.005981617502222025,0.4361299992352192,0.015683777788176107,0.34321733591075954,0.013546889849106975,0.36430346939419356,0.004396118264430063,0.45219902360438446,0.0052877885397847576,0.44464281939826567,0.003208061941363568,0.4659027588190203,0.006690610201225037,0.4293803291643738,0.05739664957967958,0.10735269151076049,0.08997126270874943,0.048054479474720455,-0.00032414486723493605,0.5035464219168775,30.4036226272583
S-CPI2_sqrt,0.9,0.5049450092829946,0.0040882384439227485,0.45639218412436633,0.02508468023711699,0.29245501157437825,0.005477360351670881,0.4413097510628853,0.014489488277594522,0.3535583724266004,0.012379369968733468,0.3755474513958629,0.0012124313734847279,0.48656310998100766,0.0007351766487832276,0.4921024516240432,0.004034381110964249,0.45715677124978216,0.007030815440225743,0.4257733495381556,0.057868249800413774,0.10382641386609681,0.08573167982437187,0.05478727659195888,-0.00041376472753442014,0.5046030143696661,30.013068199157715
S-CPI2_n,0.0,0.5020873377787237,0.0031024224380786737,0.2153210900406229,0.026361764592922908,0.016018203611333645,0.005429035971322814,0.060962330322862815,0.010191150324513057,0.017405452408884275,0.011814436147453831,0.014297735502158621,0.00844105811612364,0.023753392924899835,0.016142724606210964,0.0031371363390209333,0.00527809835977465,0.08699518397380701,0.008031790394969809,0.017584635223621338,0.059115708419202856,1.8412137140918597e-06,0.09364744704123106,2.8524889265033854e-06,0.0023968073326608983,0.24207183111804959,40.022857427597046
S-CPI2_n,0.3,0.5005192519257392,0.0035766799050462542,0.18989576171491995,0.026119749115659025,0.014981692848014629,0.005163272565164715,0.06760026374893435,0.014617619018703065,0.0017110672763591891,0.011817269425857308,0.01757859469786805,0.006526391427175808,0.03348842971776335,0.011360048981556847,0.014212783925807425,0.003940548133394361,0.15567009629020195,0.0069513495678853445,0.04198508973694119,0.057958997208703816,2.320611786432226e-06,0.09050424907210436,3.996133447674112e-06,-0.0006223842450315698,0.5608752431868181,30.110631704330444
S-CPI2_n,0.6,0.5045330421768464,0.003912170816316347,0.16125263514162652,0.027377204391169106,0.013325889660856276,0.005981617502222025,0.04524880514078207,0.015683777788176107,0.0012368591621193937,0.013546889849106975,0.005855618652837684,0.004396118264430063,0.06698195186217884,0.0052877885397847576,0.11028869254713641,0.003208061941363568,0.20055913475469578,0.006690610201225037,0.044322269297050784,0.05739664957967958,2.5808014162529753e-06,0.08997126270874943,5.162792408415519e-06,-0.00032414486723493605,0.5461649146280882,30.12779140472412
S-CPI2_n,0.9,0.5049450092829946,0.0040882384439227485,0.13187060186378147,0.02508468023711699,0.02033745951180964,0.005477360351670881,0.05508779027998076,0.014489488277594522,0.0015387234712266567,0.012379369968733468,0.010447751019850158,0.0012124313734847279,0.3007988629804934,0.0007351766487832276,0.41602529597805493,0.004034381110964249,0.14585519316313728,0.007030815440225743,0.03573295438690514,0.057868249800413774,1.1728090221168297e-06,0.08573167982437187,8.317204121569531e-06,-0.00041376472753442014,0.5748622175671657,30.063112497329712
S-CPI2_bt,0.0,0.5020873377787237,0.0031024224380786737,0.027396300647871352,0.026361764592922908,4.432244674594692e-53,0.005429035971322814,0.00038357815135694323,0.010191150324513057,1.5795639569903153e-10,0.011814436147453831,1.752599512871073e-13,0.00844105811612364,8.957004384259568e-08,0.016142724606210964,1.7203325839715516e-23,0.00527809835977465,0.0005399309900009531,0.008031790394969809,3.321502067556225e-07,0.059115708419202856,1.3312555439061435e-254,0.09364744704123106,0.0,0.0023968073326608983,0.0686716000081035,40.55483150482178
S-CPI2_bt,0.3,0.5005192519257392,0.0035766799050462542,0.013491891760130461,0.026119749115659025,3.65028521919255e-52,0.005163272565164715,0.0006876246061767373,0.014617619018703065,1.0101042666829955e-19,0.011817269425857308,1.7852517246813037e-13,0.006526391427175808,2.6205281290490247e-05,0.011360048981556847,1.2740587392940926e-12,0.003940548133394361,0.007357112265771762,0.0069513495678853445,8.5021372427215e-06,0.057958997208703816,2.4385170338489727e-245,0.09050424907210436,0.0,-0.0006223842450315698,0.6498563355187045,30.65379786491394
S-CPI2_bt,0.6,0.5045330421768464,0.003912170816316347,0.007742227722814505,0.027377204391169106,5.917015180636419e-57,0.005981617502222025,0.00010546279748517596,0.015683777788176107,2.0515463580082536e-22,0.013546889849106975,3.734524403937017e-17,0.004396118264430063,0.003197276016698934,0.0052877885397847576,0.0005360574468991125,0.003208061941363568,0.023506847511215706,0.006690610201225037,1.7168258296513317e-05,0.05739664957967958,4.072901788343443e-246,0.08997126270874943,0.0,-0.00032414486723493605,0.5796949864141305,30.70046615600586
S-CPI2_bt,0.9,0.5049450092829946,0.0040882384439227485,0.005661816420485601,0.02508468023711699,2.702852968134141e-48,0.005477360351670881,0.000343085716692614,0.014489488277594522,1.9298630818984052e-19,0.012379369968733468,1.2255969583106786e-14,0.0012124313734847279,0.22580915843431915,0.0007351766487832276,0.3244034266567877,0.004034381110964249,0.006260329318163218,0.007030815440225743,6.700182820516896e-06,0.057868249800413774,4.897844314873253e-250,0.08573167982437187,0.0,-0.00041376472753442014,0.6013745322385207,30.652944087982178
S-CPI2_sqd,0.0,0.5020873377787237,0.0031024224380786737,0.0,0.026361764592922908,0.0,0.005429035971322814,0.0,0.010191150324513057,0.0,0.011814436147453831,0.0,0.00844105811612364,0.0,0.016142724606210964,0.0,0.00527809835977465,0.0,0.008031790394969809,0.0,0.059115708419202856,0.0,0.09364744704123106,0.0,0.0023968073326608983,0.0,40.44033217430115
S-CPI2_sqd,0.3,0.5005192519257392,0.0035766799050462542,0.0,0.026119749115659025,0.0,0.005163272565164715,0.0,0.014617619018703065,0.0,0.011817269425857308,0.0,0.006526391427175808,0.0,0.011360048981556847,0.0,0.003940548133394361,0.0,0.0069513495678853445,0.0,0.057958997208703816,0.0,0.09050424907210436,0.0,-0.0006223842450315698,1.0,30.634480237960815
S-CPI2_sqd,0.6,0.5045330421768464,0.003912170816316347,0.0,0.027377204391169106,0.0,0.005981617502222025,0.0,0.015683777788176107,0.0,0.013546889849106975,0.0,0.004396118264430063,0.0,0.0052877885397847576,0.0,0.003208061941363568,0.0,0.006690610201225037,0.0,0.05739664957967958,0.0,0.08997126270874943,0.0,-0.00032414486723493605,1.0,30.928305625915527
S-CPI2_sqd,0.9,0.5049450092829946,0.0040882384439227485,0.0,0.02508468023711699,0.0,0.005477360351670881,0.0,0.014489488277594522,0.0,0.012379369968733468,0.0,0.0012124313734847279,0.0,0.0007351766487832276,0.0,0.004034381110964249,0.0,0.007030815440225743,0.0,0.057868249800413774,0.0,0.08573167982437187,0.0,-0.00041376472753442014,1.0,30.520203828811646
LOCO,0.0,0.5020873377787237,0.0030449893735963185,0.1400284416486165,-0.0013826307959377004,0.5586690759667106,0.0030411640483402613,0.08011179288662751,0.0010919958228959303,0.35227681547818723,0.007718133567243157,0.02814851791225287,0.0026531813982157426,0.1935614984361403,0.003343091724546665,0.22551277355931293,-0.0017388858973672594,0.7623483079370718,0.00442626609000607,0.03225033417970828,0.026819581012049565,0.006425553395942243,0.0309616587002286,0.010587903262318489,-0.0018695772105575825,0.7135216630525294,60.18339467048645
LOCO,0.3,0.5005192519257392,0.0019763771697143273,0.23103775531991483,0.000224902919808867,0.49050413829070977,-0.0009457448332825247,0.6439955441125448,0.0012494294263060146,0.2973151596134608,0.005132226914865756,0.12197659823485951,0.0001764565707766952,0.47362239250666405,0.005322531323457391,0.06801635350043474,0.001231258562746973,0.31525342105930176,0.0011645622016507873,0.3270711769560505,0.029475991664739964,0.003135240758667756,0.02812212540568171,0.016963870369749584,-0.0028063383595112734,0.792478748853553,54.81265163421631
LOCO,0.6,0.5045330421768464,0.0017842812633374061,0.27317266286214426,-0.0009566533558929557,0.542610967314806,0.0002585169902458162,0.4558266877030912,0.004414677010813828,0.06703244383667838,0.005661962081147831,0.07396485157512109,-0.00018625696415586201,0.5258119695347276,0.0020697712156293457,0.25969269633661035,-0.00010660707368698175,0.5171489795718317,0.003471845717252453,0.06879325599998186,0.023736642339751035,0.009974326391220699,0.0285852044993406,0.017487435409143673,-0.0004085342085905497,0.5681101268408034,54.78890013694763
LOCO,0.9,0.5049450092829946,0.0011983825643262502,0.3296154570250507,-0.0024917466650129505,0.6117123375554807,-0.0013081545323783694,0.7265082616383687,0.0029250652182067904,0.1348659502111756,0.0059405896145496295,0.0675150354168659,-0.0005216175442625537,0.5994625343016493,0.0008585907780271906,0.39548086324605936,-0.00013553450133457767,0.5261181263128887,0.0011478151460965202,0.30754725063757304,0.022142897753220814,0.017674945409766992,0.03008839780112399,0.011205940986290467,-0.00016242856395887184,0.5293427407877613,55.578341245651245
LOCO_sqrt,0.0,0.5020873377787237,0.0030449893735963185,0.46814782906623675,-0.0013826307959377004,0.512352743705993,0.0030411640483402613,0.46763387884260543,0.0010919958228959303,0.4885848153979217,0.007718133567243157,0.42219539278843443,0.0026531813982157426,0.4724191155135829,0.003343091724546665,0.4664569352167177,-0.0017388858973672594,0.5183874701734013,0.00442626609000607,0.453234771898385,0.026819581012049565,0.2801845709985325,0.0309616587002286,0.2625154452761606,-0.0018695772105575825,0.5193175726207379,59.055848360061646
LOCO_sqrt,0.3,0.5005192519257392,0.0019763771697143273,0.4792417075853652,0.000224902919808867,0.4979939511261451,-0.0009457448332825247,0.5099697527490176,0.0012494294263060146,0.48675506061678614,0.005132226914865756,0.4485481925815647,0.0001764565707766952,0.49814480697195157,0.005322531323457391,0.44551293081902776,0.001231258562746973,0.48702064348959295,0.0011645622016507873,0.48773634903012575,0.029475991664739964,0.2611144338024076,0.02812212540568171,0.28116411507612976,-0.0028063383595112734,0.5288879948500242,54.59674000740051
LOCO_sqrt,0.6,0.5045330421768464,0.0017842812633374061,0.4813902295939012,-0.0009566533558929557,0.5086304273946042,0.0002585169902458162,0.49725772313002914,0.004414677010813828,0.45402754682060603,0.005661962081147831,0.4425651813842022,-0.00018625696415586201,0.501947457472713,0.0020697712156293457,0.47855799335740284,-0.00010660707368698175,0.501126393918216,0.003471845717252453,0.4632316005607524,0.023736642339751035,0.3008554324339391,0.0285852044993406,0.27915696555867175,-0.0004085342085905497,0.5043276683073197,55.20900082588196
LOCO_sqrt,0.9,0.5049450092829946,0.0011983825643262502,0.48741955628523875,-0.0024917466650129505,0.5225501642749348,-0.0013081545323783694,0.513932355705053,0.0029250652182067904,0.4692639884668035,0.0059405896145496295,0.43985368158516713,-0.0005216175442625537,0.5055715107092759,0.0008585907780271906,0.4911079683875717,-0.00013553450133457767,0.5014477765241695,0.0011478151460965202,0.4878108002793978,0.022142897753220814,0.31438482362041387,0.03008839780112399,0.2673183105788199,-0.00016242856395887184,0.501728686207182,55.9070098400116
LOCO_n,0.0,0.5020873377787237,0.0030449893735963185,0.24588827490007314,-0.0013826307959377004,0.5501128631055068,0.0030411640483402613,0.21028471140157273,0.0010919958228959303,0.4039252087208577,0.007718133567243157,0.08610827968472606,0.0026531813982157426,0.2853037695552767,0.003343091724546665,0.29014402613053925,-0.0017388858973672594,0.6663192431895111,0.00442626609000607,0.13450897212094554,0.026819581012049565,0.015211087261736905,0.0309616587002286,0.019788791049952778,-0.0018695772105575825,0.6478299067184976,60.09706377983093
LOCO_n,0.3,0.5005192519257392,0.0019763771697143273,0.32280123894483126,0.000224902919808867,0.4918866876648947,-0.0009457448332825247,0.5896645442289746,0.0012494294263060146,0.37613101748211186,0.005132226914865756,0.1967621458668125,0.0001764565707766952,0.48354571535772245,0.005322531323457391,0.15211935478123267,0.001231258562746973,0.3838940020071519,0.0011645622016507873,0.3910269278606664,0.029475991664739964,0.00869892734842758,0.02812212540568171,0.02929527529148735,-0.0028063383595112734,0.710668879867866,55.203514099121094
LOCO_n,0.6,0.5045330421768464,0.0017842812633374061,0.3480458749906653,-0.0009566533558929557,0.5361265850782482,0.0002585169902458162,0.4738440727449683,0.004414677010813828,0.1663177373360985,0.005661962081147831,0.1526631840231239,-0.00018625696415586201,0.5165556482977294,0.0020697712156293457,0.3338987642588631,-0.00010660707368698175,0.5103986376496251,0.003471845717252453,0.1896198183732694,0.023736642339751035,0.02221669243529646,0.0285852044993406,0.029730320476703723,-0.0004085342085905497,0.540761424760573,56.55457806587219
LOCO_n,0.9,0.5049450092829946,0.0011983825643262502,0.3909272524279158,-0.0024917466650129505,0.5947599899362297,-0.0013081545323783694,0.6352798777445368,0.0029250652182067904,0.24618252029426385,0.0059405896145496295,0.14374145558128948,-0.0005216175442625537,0.556351211370906,0.0008585907780271906,0.4297347536503974,-0.00013553450133457767,0.5146938128225012,0.0011478151460965202,0.3840580641015012,0.022142897753220814,0.03399699491884486,0.03008839780112399,0.020941297886097093,-0.00016242856395887184,0.5169732039275088,54.982829332351685
LOCO_bt,0.0,0.5020873377787237,0.0030449893735963185,0.029952324468994297,-0.0013826307959377004,0.7930254041283522,0.0030411640483402613,0.029879937608723185,0.0010919958228959303,0.25010993918463365,0.007718133567243157,1.0614718329973112e-06,0.0026531813982157426,0.05072923030603628,0.003343091724546665,0.020158680421260948,-0.0017388858973672594,0.8589859292716249,0.00442626609000607,0.0030884263929938623,0.026819581012049565,1.8414722730951504e-54,0.0309616587002286,3.876990054959043e-67,-0.0018695772105575825,0.8755872136965165,60.106817960739136
LOCO_bt,0.3,0.5005192519257392,0.0019763771697143273,0.11091946984736584,0.000224902919808867,0.4473348675735726,-0.0009457448332825247,0.7206839550749471,0.0012494294263060146,0.21968797405922258,0.005132226914865756,0.000825693906532944,0.0001764565707766952,0.456544568006244,0.005322531323457391,0.0005194935838649452,0.001231258562746973,0.22320170627960956,0.0011645622016507873,0.2357287856798359,0.029475991664739964,2.3392204456366255e-65,0.02812212540568171,4.423780739680859e-56,-0.0028063383595112734,0.9580851948396631,55.216163635253906
LOCO_bt,0.6,0.5045330421768464,0.0017842812633374061,0.13518157527009678,-0.0009566533558929557,0.7141892574759081,0.0002585169902458162,0.43645596041441653,0.004414677010813828,0.0031899492941935372,0.005661962081147831,0.0002519137465080471,-0.00018625696415586201,0.5458077361686509,0.0020697712156293457,0.10071239260723519,-0.00010660707368698175,0.5263050479158284,0.003471845717252453,0.015806560290589678,0.023736642339751035,4.56024687511294e-44,0.0285852044993406,7.844626341330018e-56,-0.0004085342085905497,0.5997898282215144,55.504849910736084
LOCO_bt,0.9,0.5049450092829946,0.0011983825643262502,0.22928583108070966,-0.0024917466650129505,0.9300904602029952,-0.0013081545323783694,0.7910569460033965,0.0029250652182067904,0.03521125336131326,0.0059405896145496295,0.00012958858484382087,-0.0005216175442625537,0.626713661316893,0.0008585907780271906,0.29819096646327575,-0.00013553450133457767,0.5334496129165772,0.0011478151460965202,0.23866201514085122,0.022142897753220814,5.428220445744867e-38,0.03008839780112399,4.280819980270942e-65,-0.00016242856395887184,0.5400514758067967,55.29188323020935
LOCO_sqd,0.0,0.5020873377787237,0.0030449893735963185,0.0,-0.0013826307959377004,1.0,0.0030411640483402613,0.0,0.0010919958228959303,0.0,0.007718133567243157,0.0,0.0026531813982157426,0.0,0.003343091724546665,0.0,-0.0017388858973672594,1.0,0.00442626609000607,0.0,0.026819581012049565,0.0,0.0309616587002286,0.0,-0.0018695772105575825,1.0,60.11698627471924
LOCO_sqd,0.3,0.5005192519257392,0.0019763771697143273,0.0,0.000224902919808867,0.007781084681183349,-0.0009457448332825247,1.0,0.0012494294263060146,0.0,0.005132226914865756,0.0,0.0001764565707766952,1.4355538080281088e-71,0.005322531323457391,0.0,0.001231258562746973,0.0,0.0011645622016507873,0.0,0.029475991664739964,0.0,0.02812212540568171,0.0,-0.0028063383595112734,1.0,55.0741503238678
LOCO_sqd,0.6,0.5045330421768464,0.0017842812633374061,0.0,-0.0009566533558929557,1.0,0.0002585169902458162,1.8486373896746987e-176,0.004414677010813828,0.0,0.005661962081147831,0.0,-0.00018625696415586201,1.0,0.0020697712156293457,0.0,-0.00010660707368698175,1.0,0.003471845717252453,0.0,0.023736642339751035,0.0,0.0285852044993406,0.0,-0.0004085342085905497,1.0,55.71870517730713
LOCO_sqd,0.9,0.5049450092829946,0.0011983825643262502,0.0,-0.0024917466650129505,1.0,-0.0013081545323783694,1.0,0.0029250652182067904,0.0,0.0059405896145496295,0.0,-0.0005216175442625537,1.0,0.0008585907780271906,0.0,-0.00013553450133457767,1.0,0.0011478151460965202,0.0,0.022142897753220814,0.0,0.03008839780112399,0.0,-0.00016242856395887184,1.0,55.93002963066101
CPI_ST,0.0,0.5020873377787237,0.0,0.005990283004496973,0.0,0.030589485159538812,0.0,0.0035098557089979937,0.0,5.027205008663849e-05,0.0,1.0333272481491239e-05,0.0,0.002655505406524317,0.0,0.045575733915642166,0.0,0.01993417507030845,0.0,0.012607498404217649,0.0,6.68424747506742e-08,0.0,5.991817649298139e-18,0.0,0.6593656237596145,10.026307106018066
CPI_ST,0.3,0.5005192519257392,0.0,0.005990283004496973,0.0,0.030589485159538812,0.0,0.0035098557089979937,0.0,5.027205008663849e-05,0.0,1.0333272481491239e-05,0.0,0.002655505406524317,0.0,0.045575733915642166,0.0,0.01993417507030845,0.0,0.012607498404217649,0.0,6.68424747506742e-08,0.0,5.991817649298139e-18,0.0,0.6593656237596145,10.026307106018066
CPI_ST,0.6,0.5045330421768464,0.0,0.005990283004496973,0.0,0.030589485159538812,0.0,0.0035098557089979937,0.0,5.027205008663849e-05,0.0,1.0333272481491239e-05,0.0,0.002655505406524317,0.0,0.045575733915642166,0.0,0.01993417507030845,0.0,0.012607498404217649,0.0,6.68424747506742e-08,0.0,5.991817649298139e-18,0.0,0.6593656237596145,10.026307106018066
CPI_ST,0.9,0.5049450092829946,0.0,0.005990283004496973,0.0,0.030589485159538812,0.0,0.0035098557089979937,0.0,5.027205008663849e-05,0.0,1.0333272481491239e-05,0.0,0.002655505406524317,0.0,0.045575733915642166,0.0,0.01993417507030845,0.0,0.012607498404217649,0.0,6.68424747506742e-08,0.0,5.991817649298139e-18,0.0,0.6593656237596145,10.026307106018066
CPI_wilcox,0.0,0.5020873377787237,0.0,0.00016398840583219484,0.0,0.0015579620877705384,0.0,3.875957750474721e-05,0.0,4.3407926410051763e-08,0.0,3.5849845372502615e-07,0.0,0.00485859751274112,0.0,0.03912957192670573,0.0,0.0025552563945179354,0.0,0.01100887287181153,0.0,1.8018893598303396e-10,0.0,2.715525111838844e-22,0.0,0.367768218542672,9.953768491744995
CPI_wilcox,0.3,0.5005192519257392,0.0,0.00016398840583219484,0.0,0.0015579620877705384,0.0,3.875957750474721e-05,0.0,4.3407926410051763e-08,0.0,3.5849845372502615e-07,0.0,0.00485859751274112,0.0,0.03912957192670573,0.0,0.0025552563945179354,0.0,0.01100887287181153,0.0,1.8018893598303396e-10,0.0,2.715525111838844e-22,0.0,0.367768218542672,9.953768491744995
CPI_wilcox,0.6,0.5045330421768464,0.0,0.00016398840583219484,0.0,0.0015579620877705384,0.0,3.875957750474721e-05,0.0,4.3407926410051763e-08,0.0,3.5849845372502615e-07,0.0,0.00485859751274112,0.0,0.03912957192670573,0.0,0.0025552563945179354,0.0,0.01100887287181153,0.0,1.8018893598303396e-10,0.0,2.715525111838844e-22,0.0,0.367768218542672,9.953768491744995
CPI_wilcox,0.9,0.5049450092829946,0.0,0.00016398840583219484,0.0,0.0015579620877705384,0.0,3.875957750474721e-05,0.0,4.3407926410051763e-08,0.0,3.5849845372502615e-07,0.0,0.00485859751274112,0.0,0.03912957192670573,0.0,0.0025552563945179354,0.0,0.01100887287181153,0.0,1.8018893598303396e-10,0.0,2.715525111838844e-22,0.0,0.367768218542672,9.953768491744995
LOCO_ST,0.0,0.5020873377787237,0.0,0.0008043698250153706,0.0,0.8911162626128422,0.0,0.40975313262405405,0.0,0.002655505406524317,0.0,0.3406343762403855,0.0,0.3746908112984505,0.0,0.0014847608323319056,0.0,0.5181996590587196,0.0,0.5181996590587196,0.0,0.0035098557089979937,0.0,0.16890522203256075,0.0,0.9840871193992298,54.976356983184814
LOCO_ST,0.3,0.5005192519257392,0.0,0.0008043698250153706,0.0,0.8911162626128422,0.0,0.40975313262405405,0.0,0.002655505406524317,0.0,0.3406343762403855,0.0,0.3746908112984505,0.0,0.0014847608323319056,0.0,0.5181996590587196,0.0,0.5181996590587196,0.0,0.0035098557089979937,0.0,0.16890522203256075,0.0,0.9840871193992298,54.976356983184814
LOCO_ST,0.6,0.5045330421768464,0.0,0.0008043698250153706,0.0,0.8911162626128422,0.0,0.40975313262405405,0.0,0.002655505406524317,0.0,0.3406343762403855,0.0,0.3746908112984505,0.0,0.0014847608323319056,0.0,0.5181996590587196,0.0,0.5181996590587196,0.0,0.0035098557089979937,0.0,0.16890522203256075,0.0,0.9840871193992298,54.976356983184814
LOCO_ST,0.9,0.5049450092829946,0.0,0.0008043698250153706,0.0,0.8911162626128422,0.0,0.40975313262405405,0.0,0.002655505406524317,0.0,0.3406343762403855,0.0,0.3746908112984505,0.0,0.0014847608323319056,0.0,0.5181996590587196,0.0,0.5181996590587196,0.0,0.0035098557089979937,0.0,0.16890522203256075,0.0,0.9840871193992298,54.976356983184814
LOCO_wilcox,0.0,0.5020873377787237,0.0,0.019691268198841223,0.0,0.8492852229625862,0.0,0.5076096116185826,0.0,0.01723909519921106,0.0,0.08812433489417598,0.0,0.37735096022986825,0.0,0.0026706225963446786,0.0,0.34242627868385156,0.0,0.6118565093288119,0.0,0.010989824378688751,0.0,0.02699187384603572,0.0,0.9542497355251123,54.63154911994934
LOCO_wilcox,0.3,0.5005192519257392,0.0,0.019691268198841223,0.0,0.8492852229625862,0.0,0.5076096116185826,0.0,0.01723909519921106,0.0,0.08812433489417598,0.0,0.37735096022986825,0.0,0.0026706225963446786,0.0,0.34242627868385156,0.0,0.6118565093288119,0.0,0.010989824378688751,0.0,0.02699187384603572,0.0,0.9542497355251123,54.63154911994934
LOCO_wilcox,0.6,0.5045330421768464,0.0,0.019691268198841223,0.0,0.8492852229625862,0.0,0.5076096116185826,0.0,0.01723909519921106,0.0,0.08812433489417598,0.0,0.37735096022986825,0.0,0.0026706225963446786,0.0,0.34242627868385156,0.0,0.6118565093288119,0.0,0.010989824378688751,0.0,0.02699187384603572,0.0,0.9542497355251123,54.63154911994934
LOCO_wilcox,0.9,0.5049450092829946,0.0,0.019691268198841223,0.0,0.8492852229625862,0.0,0.5076096116185826,0.0,0.01723909519921106,0.0,0.08812433489417598,0.0,0.37735096022986825,0.0,0.0026706225963446786,0.0,0.34242627868385156,0.0,0.6118565093288119,0.0,0.010989824378688751,0.0,0.02699187384603572,0.0,0.9542497355251123,54.63154911994934
PFI,0.0,0.5020873377787237,0.0009130937940101669,0.0,0.06435325362350097,0.0,0.006791849308467768,0.0,0.006319870170796382,0.0,0.01827493415461723,0.0,0.01832366118939921,0.0,0.03319392106390251,0.0,0.006603425743158198,0.0,0.007125865188349012,0.0,0.09331859786464036,0.0,0.2046076094735121,0.0,0.005763544041043067,0.0,9.946818113327026
PFI,0.3,0.5005192519257392,0.0011805684833828822,0.0,0.06297342405094142,0.0,0.006190202350914609,0.0,0.005995000670781403,0.0,0.017526376707171054,0.0,0.015382727509709704,0.0,0.028450586286511315,0.0,0.004583058850904709,0.0,0.006999651467427537,0.0,0.09101482441080488,0.0,0.2049782359353346,0.0,0.007001464790924228,0.0,5.309141159057617
PFI,0.6,0.5045330421768464,0.0025598084261372334,0.0,0.06314970556858057,0.0,0.009261287225248438,0.0,0.006775077090349413,0.0,0.019130031845761453,0.0,0.012698492369365155,0.0,0.02816740133701079,0.0,0.0047142621766299575,0.0,0.007676249171570504,0.0,0.09309853447657035,0.0,0.2046247965565694,0.0,0.007654259032227051,0.0,5.265347003936768
PFI,0.9,0.5049450092829946,0.0015433204884764962,0.0,0.06338841134035944,0.0,0.006942118840873479,0.0,0.006890796443185243,0.0,0.01826230447460786,0.0,0.010278264397912573,0.0,0.030920729618512555,0.0,0.00407272508281753,0.0,0.006834390634921084,0.0,0.09293592022254249,0.0,0.20670920928421543,0.0,0.01321836554689726,0.0,5.240812063217163
CFI,0.0,0.5020873377787237,0.0008717699985141547,0.0,0.025182772839092014,0.0,0.0034191116707363023,0.0,0.007441492516756049,0.0,0.009566868454810695,0.0,0.004672203265993657,0.0,0.013499277462741238,0.0,0.0035409363003220673,0.0,0.004440858449096946,0.0,0.06127449768984458,0.0,0.04316306957554444,0.0,0.0024070658074511475,0.0,11.384884119033813
CFI,0.3,0.5005192519257392,0.001603173669493807,0.0,0.01585423660457075,0.0,0.0026244700309760727,0.0,0.008608147188104293,0.0,0.013443891964236232,0.0,0.0033109812746052736,0.0,0.005659138784259055,0.0,0.0018062280427031119,0.0,0.0019457307071533148,0.0,0.037561765659481355,0.0,0.04260613048579501,0.0,0.0003028715509529045,0.0,6.056484699249268
CFI,0.6,0.5045330421768464,0.0015734037321822048,0.0,0.01893060998907495,0.0,0.00422905244917432,0.0,0.006557989711832218,0.0,0.013298168529394166,0.0,0.002750403456944689,0.0,0.005710969559719614,0.0,0.0018023387762202692,0.0,0.0024454285104465734,0.0,0.051364953774235084,0.0,0.02922967386890879,0.0,0.0007249036035089917,0.0,6.049997806549072
CFI,0.9,0.5049450092829946,0.0015747353280733123,0.0,0.017661233148181767,0.0,0.0013671261985797045,0.0,0.009564730098799684,0.0,0.012411561619306788,0.0,0.0005474571072928702,0.0,0.0001444634907658282,0.0,0.0011459238506844605,0.0,0.0024114715429746914,0.0,0.05088745959416255,0.0,0.03730398482534625,0.0,-0.00035034565647312776,0.0,6.031694650650024
scSAGEvf,0.0,0.5020873377787237,0.0007968765926780752,0.0,0.021519486496313744,0.0,0.006179068467618343,0.0,0.008803344865591145,0.0,0.016367102760672214,0.0,0.007554537953020413,0.0,0.016211540179700612,0.0,0.004008632964372649,0.0,0.005440501212261362,0.0,0.059294503740422826,0.0,0.039225351589891155,0.0,0.0028969526729228923,0.0,13.334001541137695
scSAGEvf,0.3,0.5005192519257392,0.0019455327548658086,0.0,0.017758726031169347,0.0,0.00587518635615869,0.0,0.011291308741461725,0.0,0.01515126558213048,0.0,0.006445007683881565,0.0,0.013215755703311072,0.0,0.00284977178440482,0.0,0.0053851709833316885,0.0,0.05739859454029223,0.0,0.03746717630215035,0.0,-0.0012233272307735632,0.0,8.63759446144104
scSAGEvf,0.6,0.5045330421768464,0.001764890281555631,0.0,0.021137300090895872,0.0,0.006144565908910882,0.0,0.010544512461096833,0.0,0.017730064100264453,0.0,0.004200645431600147,0.0,0.00551958616629461,0.0,0.0026427225252314557,0.0,0.004648609655282077,0.0,0.05622257877709164,0.0,0.03466129017159696,0.0,-8.891045418085719e-05,0.0,8.415582180023193
scSAGEvf,0.9,0.5049450092829946,0.0016026421640424338,0.0,0.01867027297650853,0.0,0.005763164166862678,0.0,0.010892946854642482,0.0,0.01589785404870586,0.0,0.0011245809251115846,0.0,0.0009557891550873165,0.0,0.0031580473783267005,0.0,0.004297060949909615,0.0,0.057156051018348086,0.0,0.035605273184210855,0.0,-0.00034654258330157894,0.0,8.43100619316101
