method,corr,r2,imp_V0,pval0,imp_V1,pval1,imp_V2,pval2,imp_V3,pval3,imp_V4,pval4,imp_V5,pval5,imp_V6,pval6,imp_V7,pval7,imp_V8,pval8,imp_V9,pval9,imp_V10,pval10,imp_V11,pval11,imp_V12,pval12,imp_V13,pval13,imp_V14,pval14,imp_V15,pval15,imp_V16,pval16,imp_V17,pval17,imp_V18,pval18,imp_V19,pval19,imp_V20,pval20,imp_V21,pval21,imp_V22,pval22,imp_V23,pval23,imp_V24,pval24,imp_V25,pval25,imp_V26,pval26,imp_V27,pval27,imp_V28,pval28,imp_V29,pval29,imp_V30,pval30,tr_time
LOCO-W,0.0,0.7115825930871861,-0.0005890246970316969,0.536912932700403,-0.008203544343473557,0.9173219821777414,-0.009947539864722996,0.9461768504096837,0.0029351444693598854,0.32646739419997617,0.01269650034856352,0.022349884007346832,-0.004567088214122553,0.7969952110793663,0.007792164830956462,0.11022718756657435,-0.009624155512342863,0.9409672677862236,-0.0006975312211179999,0.5436032462805644,0.009420049842284202,0.05981734115142079,0.0015704031723987111,0.40465916024888526,-0.0027507822657807787,0.6715654898944189,-0.004808726682586195,0.7767780862549163,0.016501042230379393,0.005393458454942546,-0.00981915002947962,0.9371184695217161,0.006832384201675286,0.1372812197882024,0.004875399560917636,0.21282305908234855,0.005011458069202812,0.22164667646645952,0.004633991675040258,0.2296490240965029,-0.012215272978796802,0.9709573430285597,-0.003085383183512262,0.6824025087946588,-0.008116947603077665,0.8910464438190993,0.0015474055307099334,0.4030971577961422,-0.002413795381822621,0.6503790429672098,-0.006382831734221394,0.8507645385303682,-0.0006152581170858311,0.540216579775876,0.0005015594100676875,0.46993760643751614,-0.00952121322706553,0.934255385773585,-0.011769488272302963,0.9667123783112597,-0.014736372488928248,0.9906922346035008,-0.0009990405608645368,0.565024815133355,3.104224681854248
LOCO-W,0.3,0.7115524486815967,0.0050337967642377695,0.21708687798166448,-0.0025147552672699757,0.6517957697000265,-0.004358981536083772,0.7494184625174634,-0.0002859818447232838,0.5182839746163997,0.0007628742451342514,0.45182863210344004,-0.004170121455512519,0.7465810211439013,0.014289645930141948,0.008300399113168266,-0.006465250614246169,0.8436824800651418,-0.0016244905358211558,0.6047163280172909,0.0063863710321841955,0.1616752526979388,-0.006763385551538836,0.8522451145297008,0.0007725114124423481,0.4522859301817226,0.014728160840954305,0.009686708112220388,-0.011614086205882924,0.9659963402679033,-0.00845170621790068,0.9115857525255586,0.0016323446517706925,0.3984075454608945,0.005195620290509533,0.2027651436406932,-0.009879444779438577,0.9537217462813293,0.009813447420168762,0.05826943190150036,-0.0024245463288771916,0.6451218610475666,0.005413603338943874,0.20979973706323007,-0.007840997711837133,0.8890654549158774,0.004349563783891278,0.24984484206680913,-0.0004613063703004566,0.5288114818447203,-0.011974382262080452,0.9729584595693076,-0.010501594282066668,0.9548372684116553,0.0037106725614201976,0.2836593835662842,0.0010457781000063938,0.4329610845408156,0.0014989345478352192,0.4088849523806939,0.004715587542511039,0.22741118319544884,-0.005667832145491756,0.8189015551414134,3.1420695781707764
LOCO-W,0.6,0.7116025324414761,-0.0008064749207327511,0.5511643353121742,0.006316458967460238,0.1562638116961632,-0.00947827735164698,0.9393108496989749,0.0018965393946794667,0.3839294137233996,-0.0016080816995174252,0.5984559717765677,0.0012218616867056657,0.4271957464757623,0.0020307600077019723,0.37349603945586995,-0.013123429277499574,0.9884273190300495,0.006951998339783957,0.11917607204422187,0.007982725969746293,0.10639095734710624,-0.01434980639041116,0.9905654596407478,-0.010754323954700447,0.9529740744443056,0.004576125827334544,0.23414875900067011,-0.0006099584245751313,0.538469993759641,0.005228266125584093,0.20564525700961866,0.0035663261415144073,0.290005988528645,0.004428640812768364,0.24746451019753612,0.005166729543395561,0.2163088606710637,0.0015935532513232558,0.3989674346891786,0.0044640527839683785,0.23763350385705673,-0.0091188351677937,0.9357355090879489,-0.0010263240932943019,0.562127240497816,-0.009302608973328347,0.9179331378324316,-0.005460485160339005,0.8056849809052824,0.0030107076196686303,0.3174844840930754,-0.008588270173691523,0.9184957756737689,0.012331350015240968,0.028355899156017106,-9.798467463691159e-05,0.5060901190322478,-0.009575125457045574,0.9434028832277047,-0.0025744140281445506,0.6542457284483754,0.0057388730605997485,0.1784634238944549,3.1364288330078125
LOCO-W,0.9,0.710232783027772,0.012707925317650772,0.022612578162508612,0.0009658693077799463,0.44038357802484196,0.0018837867334086456,0.3839699515545729,0.0019586127752423076,0.381146978840338,0.004509943284642972,0.2265517507498781,0.017762299975519535,0.001824572294929383,-0.004849510612572547,0.7796167931963074,-0.004420719346004139,0.7509228135609283,0.002838013580118598,0.3353202557185486,-0.0011440075847416718,0.5718652457852255,-0.004661267321129981,0.765630833014826,0.008033157026984506,0.10353429575205175,-0.006458332998862642,0.8535982807705997,-6.633122853292576e-05,0.5042800376290205,0.012421591108128198,0.02887466313727749,0.005256805046960222,0.19677972381058373,0.003971089764529458,0.26380263571208107,-0.004995130498583468,0.7843878538444375,-0.0016425576908071248,0.6005016923495974,0.0036974365868591218,0.28747233234602687,-0.005867711418604317,0.8141275444572558,0.00976559525576474,0.06759907243262353,-0.0013518990140004542,0.5847227522504537,0.002673650300812165,0.3306577087229472,-0.0039629679939798155,0.7238228695790373,0.0040202983534300685,0.250935936862283,-3.036688702005016e-05,0.5018559565847389,-0.009003623442736614,0.9132877535337414,0.0038691018202520505,0.2722417810052641,-0.0017193903798571378,0.6044142947048241,0.006188354346497665,0.17216367757923146,3.155404806137085
CPI,0.0,0.7115825930871861,0.0005680037916618447,0.0045722261010839845,2.7676380645352827e-05,0.3074540522458329,0.0,1.0,0.0003626989783536913,0.07220273213383387,0.0,1.0,0.0,1.0,0.0,1.0,0.0,1.0,0.0,1.0,0.0,1.0,0.0,1.0,0.0,1.0,-0.0002058710382540907,0.9827757708112216,5.927451058388572e-05,0.2376535481445653,0.0,1.0,0.0,1.0,0.0,1.0,0.0,1.0,0.0,1.0,0.0,1.0,0.004648878118943267,0.00047075069004176063,3.5429031676879885e-05,0.47163866051292536,0.00010922531833707644,0.20522628656311875,0.0029677228870651426,0.005050952415778331,0.0,1.0,0.0,1.0,-0.00018089466776136792,0.6306572433934241,0.0,1.0,0.0,1.0,0.0,1.0,0.00045629595580042037,0.06661593537953203,15.1458740234375
CPI,0.3,0.7115524486815967,0.0005810937851839088,0.004589305842604654,2.5653532552648295e-05,0.3194810588187422,0.0,1.0,0.0011042376242114335,0.0005646031721655422,0.0,1.0,0.0,1.0,0.0,1.0,0.0,1.0,0.0,1.0,0.0,1.0,0.0,1.0,0.0,1.0,-0.00019855446791978287,0.9811377864767854,5.6194911810823756e-05,0.24741868420959512,0.0,1.0,0.0,1.0,0.0,1.0,0.0,1.0,0.0,1.0,0.0,1.0,0.004686063941526736,0.0004752595868651198,-6.855433850240511e-05,0.5630803590360637,0.0001359422608644828,0.18517017242526085,0.002407142929291617,0.015100676330535516,0.0,1.0,0.0,1.0,-0.0001768249620011375,0.6280330969318907,0.0,1.0,0.0,1.0,0.0,1.0,0.0005021002868589447,0.04666544088189395,3.6770288944244385
CPI,0.6,0.7116025324414761,0.0005894437337908148,0.0045514116871948,2.3606590568880925e-05,0.3238221764930955,0.0,1.0,0.0009367156692524636,0.01881766173998399,0.0,1.0,0.0,1.0,0.0,1.0,0.0,1.0,0.0,1.0,0.0,1.0,0.0,1.0,0.0,1.0,-0.0001997164497530013,0.9811201085960455,4.989729217314692e-05,0.2605847935311919,0.0,1.0,0.0,1.0,0.0,1.0,0.0,1.0,0.0,1.0,0.0,1.0,0.004574096505026909,0.0007569432378837618,-0.0001384453102869776,0.6606749216401168,0.00014666897298837994,0.19772525108166566,0.0022103604771913227,0.007824000741731812,0.0,1.0,0.0,1.0,-0.00018803685341518828,0.6357731243476499,0.0,1.0,0.0,1.0,0.0,1.0,0.0004772932864994042,0.046815886024781116,3.680807113647461
CPI,0.9,0.710232783027772,0.0005979571420824184,0.004083017360570047,2.827020967722388e-05,0.3116767388141476,0.0,1.0,0.0006592167747764763,0.006281724097703071,0.0,1.0,0.0,1.0,0.0,1.0,0.0,1.0,0.0,1.0,0.0,1.0,0.0,1.0,0.0,1.0,-0.00019587532135568325,0.982101070855583,4.806077278161902e-05,0.2601610783717052,0.0,1.0,0.0,1.0,0.0,1.0,0.0,1.0,0.0,1.0,0.0,1.0,0.004463126779581911,0.0013059614171140436,-0.00011064229223459177,0.6644152646638266,0.00014171782736074195,0.23075770787293842,0.0016045396312902374,0.007716980975933874,0.0,1.0,0.0,1.0,-0.00021597172396514708,0.6556728091525478,0.0,1.0,0.0,1.0,0.0,1.0,0.00019773201429710424,0.06672701981201876,3.678319215774536
CPI_sqrt,0.0,0.7115825930871861,0.0005680037916618447,0.4938510458526642,2.7676380645352827e-05,0.4996990457357663,0.0,0.5,0.0003626989783536913,0.49607674776079436,0.0,0.5,0.0,0.5,0.0,0.5,0.0,0.5,0.0,0.5,0.0,0.5,0.0,0.5,0.0,0.5,-0.0002058710382540907,0.5022360595959116,5.927451058388572e-05,0.49935593828071095,0.0,0.5,0.0,0.5,0.0,0.5,0.0,0.5,0.0,0.5,0.0,0.5,0.004648878118943267,0.45136386536396056,3.5429031676879885e-05,0.4996193387516786,0.00010922531833707644,0.4988147900879557,0.0029677228870651426,0.46869936075120155,0.0,0.5,0.0,0.5,-0.00018089466776136792,0.5019412676925252,0.0,0.5,0.0,0.5,0.0,0.5,0.00045629595580042037,0.49507177453152346,15.104568243026733
CPI_sqrt,0.3,0.7115524486815967,0.0005810937851839088,0.4937102267985131,2.5653532552648295e-05,0.49972103974479937,0.0,0.5,0.0011042376242114335,0.4880865093639968,0.0,0.5,0.0,0.5,0.0,0.5,0.0,0.5,0.0,0.5,0.0,0.5,0.0,0.5,0.0,0.5,-0.00019855446791978287,0.502156696883919,5.6194911810823756e-05,0.4993893885478906,0.0,0.5,0.0,0.5,0.0,0.5,0.0,0.5,0.0,0.5,0.0,0.5,0.004686063941526736,0.45099266700447754,-6.855433850240511e-05,0.5007378856343954,0.0001359422608644828,0.49852564815577705,0.002407142929291617,0.4745739086973441,0.0,0.5,0.0,0.5,-0.0001768249620011375,0.501897641421474,0.0,0.5,0.0,0.5,0.0,0.5,0.0005021002868589447,0.49457640563455585,3.6483166217803955
CPI_sqrt,0.6,0.7116025324414761,0.0005894437337908148,0.4936203664982477,2.3606590568880925e-05,0.4997432772883385,0.0,0.5,0.0009367156692524636,0.48992383963860087,0.0,0.5,0.0,0.5,0.0,0.5,0.0,0.5,0.0,0.5,0.0,0.5,0.0,0.5,0.0,0.5,-0.0001997164497530013,0.5021692841186598,4.989729217314692e-05,0.4994577510568622,0.0,0.5,0.0,0.5,0.0,0.5,0.0,0.5,0.0,0.5,0.0,0.5,0.004574096505026909,0.4521880128259764,-0.0001384453102869776,0.5014940892126725,0.00014666897298837994,0.49841021402747,0.0022103604771913227,0.47652818602241814,0.0,0.5,0.0,0.5,-0.00018803685341518828,0.5020179486671865,0.0,0.5,0.0,0.5,0.0,0.5,0.0004772932864994042,0.49484232304289055,3.6779637336730957
CPI_sqrt,0.9,0.710232783027772,0.0005979571420824184,0.4935282433670741,2.827020967722388e-05,0.4996926097844901,0.0,0.5,0.0006592167747764763,0.49287264962149746,0.0,0.5,0.0,0.5,0.0,0.5,0.0,0.5,0.0,0.5,0.0,0.5,0.0,0.5,0.0,0.5,-0.00019587532135568325,0.5021277266106555,4.806077278161902e-05,0.49947766616034184,0.0,0.5,0.0,0.5,0.0,0.5,0.0,0.5,0.0,0.5,0.0,0.5,0.004463126779581911,0.4533921979682757,-0.00011064229223459177,0.501196422921385,0.00014171782736074195,0.4984647091010135,0.0016045396312902374,0.4828416434124561,0.0,0.5,0.0,0.5,-0.00021597172396514708,0.5023178951105499,0.0,0.5,0.0,0.5,0.0,0.5,0.00019773201429710424,0.4978543517955225,3.6829349994659424
CPI_n,0.0,0.7115825930871861,0.0005680037916618447,0.4253888638127551,2.7676380645352827e-05,0.4961345736996694,0.0,0.5,0.0003626989783536913,0.45266805828386947,0.0,0.5,0.0,0.5,0.0,0.5,0.0,0.5,0.0,0.5,0.0,0.5,0.0,0.5,0.0,0.5,-0.0002058710382540907,0.5283097267855411,5.927451058388572e-05,0.49180228156016603,0.0,0.5,0.0,0.5,0.0,0.5,0.0,0.5,0.0,0.5,0.0,0.5,0.004648878118943267,0.13456896899286075,3.5429031676879885e-05,0.49571610118135534,0.00010922531833707644,0.4851521376741198,0.0029677228870651426,0.22651948203167882,0.0,0.5,0.0,0.5,-0.00018089466776136792,0.5215728302863191,0.0,0.5,0.0,0.5,0.0,0.5,0.00045629595580042037,0.4415885117891022,15.133641719818115
CPI_n,0.3,0.7115524486815967,0.0005810937851839088,0.42381817074929173,2.5653532552648295e-05,0.49641666940257423,0.0,0.5,0.0011042376242114335,0.3625638149114768,0.0,0.5,0.0,0.5,0.0,0.5,0.0,0.5,0.0,0.5,0.0,0.5,0.0,0.5,0.0,0.5,-0.00019855446791978287,0.5273220604891148,5.6194911810823756e-05,0.4922262188299587,0.0,0.5,0.0,0.5,0.0,0.5,0.0,0.5,0.0,0.5,0.0,0.5,0.004686063941526736,0.13336625417451248,-6.855433850240511e-05,0.5084584801444064,0.0001359422608644828,0.4816417365840188,0.002407142929291617,0.26916836157936863,0.0,0.5,0.0,0.5,-0.0001768249620011375,0.5210937980848375,0.0,0.5,0.0,0.5,0.0,0.5,0.0005021002868589447,0.43567734415867587,3.6572446823120117
CPI_n,0.6,0.7116025324414761,0.0005894437337908148,0.42281173819069406,2.3606590568880925e-05,0.49669908179585665,0.0,0.5,0.0009367156692524636,0.3866557045732495,0.0,0.5,0.0,0.5,0.0,0.5,0.0,0.5,0.0,0.5,0.0,0.5,0.0,0.5,0.0,0.5,-0.0001997164497530013,0.5274762386910382,4.989729217314692e-05,0.4930864219496055,0.0,0.5,0.0,0.5,0.0,0.5,0.0,0.5,0.0,0.5,0.0,0.5,0.004574096505026909,0.14053091456748878,-0.0001384453102869776,0.5176091035047764,0.00014666897298837994,0.48033303152747425,0.0022103604771913227,0.2759734372504688,0.0,0.5,0.0,0.5,-0.00018803685341518828,0.5224280685811494,0.0,0.5,0.0,0.5,0.0,0.5,0.0004772932864994042,0.43854406304949634,3.689646005630493
CPI_n,0.9,0.710232783027772,0.0005979571420824184,0.421712770120829,2.827020967722388e-05,0.49605516187860416,0.0,0.5,0.0006592167747764763,0.41486602521686744,0.0,0.5,0.0,0.5,0.0,0.5,0.0,0.5,0.0,0.5,0.0,0.5,0.0,0.5,0.0,0.5,-0.00019587532135568325,0.5269748765083871,4.806077278161902e-05,0.49333387945845514,0.0,0.5,0.0,0.5,0.0,0.5,0.0,0.5,0.0,0.5,0.0,0.5,0.004463126779581911,0.14875457729087443,-0.00011064229223459177,0.5144123573821768,0.00014171782736074195,0.4811224012161974,0.0016045396312902374,0.321601172305886,0.0,0.5,0.0,0.5,-0.00021597172396514708,0.5257756560971097,0.0,0.5,0.0,0.5,0.0,0.5,0.00019773201429710424,0.473126313862181,3.678311824798584
CPI_bt,0.0,0.7115825930871861,0.0005680037916618447,0.41966282656431975,2.7676380645352827e-05,0.496058670606732,0.0,0.5,0.0003626989783536913,0.4484932300157282,0.0,0.5,0.0,0.5,0.0,0.5,0.0,0.5,0.0,0.5,0.0,0.5,0.0,0.5,0.0,0.5,-0.0002058710382540907,0.5292916574534063,5.927451058388572e-05,0.49155935790681526,0.0,0.5,0.0,0.5,0.0,0.5,0.0,0.5,0.0,0.5,0.0,0.5,0.004648878118943267,0.04861250777704982,3.5429031676879885e-05,0.494955098661897,0.00010922531833707644,0.4844492284549641,0.0029677228870651426,0.1448388602336576,0.0,0.5,0.0,0.5,-0.00018089466776136792,0.5257410904657068,0.0,0.5,0.0,0.5,0.0,0.5,0.00045629595580042037,0.4353072260656632,15.41569209098816
CPI_bt,0.3,0.7115524486815967,0.0005810937851839088,0.4178375400309656,2.5653532552648295e-05,0.4963467296437384,0.0,0.5,0.0011042376242114335,0.3467302247013623,0.0,0.5,0.0,0.5,0.0,0.5,0.0,0.5,0.0,0.5,0.0,0.5,0.0,0.5,0.0,0.5,-0.00019855446791978287,0.5282524394199939,5.6194911810823756e-05,0.49199782770993766,0.0,0.5,0.0,0.5,0.0,0.5,0.0,0.5,0.0,0.5,0.0,0.5,0.004686063941526736,0.0473075173665041,-6.855433850240511e-05,0.5097611864640846,0.0001359422608644828,0.4806481847861661,0.002407142929291617,0.19519751304399185,0.0,0.5,0.0,0.5,-0.0001768249620011375,0.5251622467912416,0.0,0.5,0.0,0.5,0.0,0.5,0.0005021002868589447,0.4288789997005008,3.966944456100464
CPI_bt,0.6,0.7116025324414761,0.0005894437337908148,0.4166739409423671,2.3606590568880925e-05,0.4966382240506509,0.0,0.5,0.0009367156692524636,0.36905790386829473,0.0,0.5,0.0,0.5,0.0,0.5,0.0,0.5,0.0,0.5,0.0,0.5,0.0,0.5,0.0,0.5,-0.0001997164497530013,0.52841747883484,4.989729217314692e-05,0.4928945122004781,0.0,0.5,0.0,0.5,0.0,0.5,0.0,0.5,0.0,0.5,0.0,0.5,0.004574096505026909,0.05137247158069341,-0.0001384453102869776,0.5197071733356607,0.00014666897298837994,0.4791226614508631,0.0022103604771913227,0.2151125973699904,0.0,0.5,0.0,0.5,-0.00018803685341518828,0.5267552835804452,0.0,0.5,0.0,0.5,0.0,0.5,0.0004772932864994042,0.4323580500687124,3.9897921085357666
CPI_bt,0.9,0.710232783027772,0.0005979571420824184,0.4154884171977431,2.827020967722388e-05,0.4959741080398037,0.0,0.5,0.0006592167747764763,0.40698228672594555,0.0,0.5,0.0,0.5,0.0,0.5,0.0,0.5,0.0,0.5,0.0,0.5,0.0,0.5,0.0,0.5,-0.00019587532135568325,0.5278718384779235,4.806077278161902e-05,0.4931560044070928,0.0,0.5,0.0,0.5,0.0,0.5,0.0,0.5,0.0,0.5,0.0,0.5,0.004463126779581911,0.055685995154491796,-0.00011064229223459177,0.515752110791569,0.00014171782736074195,0.47982683751537036,0.0016045396312902374,0.2834269614978442,0.0,0.5,0.0,0.5,-0.00021597172396514708,0.5307230233318783,0.0,0.5,0.0,0.5,0.0,0.5,0.00019773201429710424,0.4718644954704447,3.9688880443573
CPI_sqd,0.0,0.7115825930871861,0.0005680037916618447,3.290962584608172e-262,2.7676380645352827e-05,0.04559340134344518,0.0,0.5,0.0003626989783536913,3.1040166894533284e-108,0.0,0.5,0.0,0.5,0.0,0.5,0.0,0.5,0.0,0.5,0.0,0.5,0.0,0.5,0.0,0.5,-0.0002058710382540907,1.0,5.927451058388572e-05,0.00014899344028415426,0.0,0.5,0.0,0.5,0.0,0.5,0.0,0.5,0.0,0.5,0.0,0.5,0.004648878118943267,0.0,3.5429031676879885e-05,0.016446112502946437,0.00010922531833707644,1.3706938660300529e-11,0.0029677228870651426,0.0,0.0,0.5,0.0,0.5,-0.00018089466776136792,1.0,0.0,0.5,0.0,0.5,0.0,0.5,0.00045629595580042037,2.7596674195677566e-169,15.408812761306763
CPI_sqd,0.3,0.7115524486815967,0.0005810937851839088,6.398015116767862e-274,2.5653532552648295e-05,0.05871568874742221,0.0,0.5,0.0011042376242114335,0.0,0.0,0.5,0.0,0.5,0.0,0.5,0.0,0.5,0.0,0.5,0.0,0.5,0.0,0.5,0.0,0.5,-0.00019855446791978287,1.0,5.6194911810823756e-05,0.00030330846236334245,0.0,0.5,0.0,0.5,0.0,0.5,0.0,0.5,0.0,0.5,0.0,0.5,0.004686063941526736,0.0,-6.855433850240511e-05,0.9999827258455533,0.0001359422608644828,5.869979847026743e-17,0.002407142929291617,0.0,0.0,0.5,0.0,0.5,-0.0001768249620011375,1.0,0.0,0.5,0.0,0.5,0.0,0.5,0.0005021002868589447,5.158789130632863e-204,3.952465534210205
CPI_sqd,0.6,0.7116025324414761,0.0005894437337908148,4.642383380055706e-282,2.3606590568880925e-05,0.07483041165884215,0.0,0.5,0.0009367156692524636,0.0,0.0,0.5,0.0,0.5,0.0,0.5,0.0,0.5,0.0,0.5,0.0,0.5,0.0,0.5,0.0,0.5,-0.0001997164497530013,1.0,4.989729217314692e-05,0.00116413136064139,0.0,0.5,0.0,0.5,0.0,0.5,0.0,0.5,0.0,0.5,0.0,0.5,0.004574096505026909,0.0,-0.0001384453102869776,1.0,0.00014666897298837994,2.0395260704135065e-19,0.0022103604771913227,0.0,0.0,0.5,0.0,0.5,-0.00018803685341518828,1.0,0.0,0.5,0.0,0.5,0.0,0.5,0.0004772932864994042,4.931050339911863e-185,3.992236852645874
CPI_sqd,0.9,0.710232783027772,0.0005979571420824184,2.9639503586150275e-290,2.827020967722388e-05,0.042234389123876566,0.0,0.5,0.0006592167747764763,0.0,0.0,0.5,0.0,0.5,0.0,0.5,0.0,0.5,0.0,0.5,0.0,0.5,0.0,0.5,0.0,0.5,-0.00019587532135568325,1.0,4.806077278161902e-05,0.001679704059741685,0.0,0.5,0.0,0.5,0.0,0.5,0.0,0.5,0.0,0.5,0.0,0.5,0.004463126779581911,0.0,-0.00011064229223459177,0.9999999999911503,0.00014171782736074195,3.0611274767706936e-18,0.0016045396312902374,0.0,0.0,0.5,0.0,0.5,-0.00021597172396514708,1.0,0.0,0.5,0.0,0.5,0.0,0.5,0.00019773201429710424,9.017344513817496e-34,3.977956533432007
S-CPI,0.0,0.7115825930871861,0.0005592129158758281,0.021806144162088138,-3.1403851881565843e-06,0.5171137562278902,0.0,0.5,0.00018738320920485098,0.2893616843054109,0.0,0.5,0.0,0.5,0.0,0.5,0.0,0.5,0.0,0.5,0.0,0.5,0.0,0.5,0.0,0.5,-0.00025537111186722426,0.9806637281350326,0.0001420486596893417,0.08405026490931139,0.0,0.5,0.0,0.5,0.0,0.5,0.0,0.5,0.0,0.5,0.0,0.5,0.004793147598949055,0.000815797033604612,0.00017562098917182532,0.3940098517457505,4.572323515533211e-05,0.38178704077861764,0.0030637771263509776,0.01007151064310625,0.0,0.5,0.0,0.5,0.0002583222074220318,0.3536348358299304,0.0,0.5,0.0,0.5,0.0,0.5,0.0008621594248255598,0.022695992128485935,15.121065855026245
S-CPI,0.3,0.7115524486815967,0.0005708672754806132,0.022090666446703437,-7.2333958897229476e-06,0.5396687788208183,0.0,0.5,0.0012873720569333482,0.005206680315939905,0.0,0.5,0.0,0.5,0.0,0.5,0.0,0.5,0.0,0.5,0.0,0.5,0.0,0.5,0.0,0.5,-0.00024213474983030383,0.9771752527279165,0.0001347687862617398,0.09379017007181373,0.0,0.5,0.0,0.5,0.0,0.5,0.0,0.5,0.0,0.5,0.0,0.5,0.004825401152953639,0.00083217423886821,-5.2204610210447964e-05,0.5367462311992806,7.27778329139763e-05,0.3380076214657497,0.0020179261214050485,0.048810348620545535,0.0,0.5,0.0,0.5,0.0002698342660287991,0.3472982383731596,0.0,0.5,0.0,0.5,0.0,0.5,0.0008713996906194303,0.020465376220051245,3.629448890686035
S-CPI,0.6,0.7116025324414761,0.0005795524714476267,0.021877525651939313,-8.781557129307968e-06,0.5510408284370742,1.2616170734376778e-17,1.2396913929377635e-07,0.0011964873647824074,0.03968353752759969,1.2616170734376778e-17,1.2396913929377635e-07,1.2616170734376778e-17,1.2396913929377635e-07,1.2616170734376778e-17,1.2396913929377635e-07,1.2616170734376778e-17,1.2396913929377635e-07,1.2616170734376778e-17,1.2396913929377635e-07,1.2616170734376778e-17,1.2396913929377635e-07,1.2616170734376778e-17,1.2396913929377635e-07,1.2616170734376778e-17,1.2396913929377635e-07,-0.00024192628370548676,0.97657663903678,0.00011954468802553222,0.10813004413931793,1.2616170734376778e-17,1.2396913929377635e-07,1.2616170734376778e-17,1.2396913929377635e-07,1.2616170734376778e-17,1.2396913929377635e-07,1.2616170734376778e-17,1.2396913929377635e-07,1.2616170734376778e-17,1.2396913929377635e-07,1.2616170734376778e-17,1.2396913929377635e-07,0.004601702412931266,0.001366253697942706,-0.00023521936199986053,0.7038823678462827,6.752336887988486e-05,0.3655064672522424,0.0013976958203652044,0.10131243595989264,1.2616170734376778e-17,1.2396913929377635e-07,1.2616170734376778e-17,1.2396913929377635e-07,0.0002526879997048759,0.356741440062203,1.2616170734376778e-17,1.2396913929377635e-07,1.2616170734376778e-17,1.2396913929377635e-07,1.2616170734376778e-17,1.2396913929377635e-07,0.0008701993988366211,0.01590786011709052,3.663201093673706
S-CPI,0.9,0.710232783027772,0.0005951302033251691,0.019504049002880035,-4.3600996507939e-06,0.5229045406004759,0.0,0.5,0.0008285649414183587,0.018740138719895934,0.0,0.5,0.0,0.5,0.0,0.5,0.0,0.5,0.0,0.5,0.0,0.5,0.0,0.5,0.0,0.5,-0.00023736374844475115,0.9777613875679281,0.00011604597775135864,0.1054550866869603,0.0,0.5,0.0,0.5,0.0,0.5,0.0,0.5,0.0,0.5,0.0,0.5,0.004287740835456267,0.0028332997575678943,-0.00019301725259301456,0.7159274257029945,2.4269439852521573e-05,0.4556759529483967,0.0011000657554865506,0.08730405021917798,0.0,0.5,0.0,0.5,0.00019096591542224308,0.3904893800977751,0.0,0.5,0.0,0.5,0.0,0.5,0.00042464603923296105,0.011350808221632182,3.660997152328491
S-CPI_sqrt,0.0,0.7115825930871861,0.0005592129158758281,0.49395591865221217,-3.1403851881565843e-06,0.5000341317953141,0.0,0.5,0.00018738320920485098,0.49797796257576576,0.0,0.5,0.0,0.5,0.0,0.5,0.0,0.5,0.0,0.5,0.0,0.5,0.0,0.5,0.0,0.5,-0.00025537111186722426,0.5027717207405982,0.0001420486596893417,0.49845738004702905,0.0,0.5,0.0,0.5,0.0,0.5,0.0,0.5,0.0,0.5,0.0,0.5,0.004793147598949055,0.45001396225578494,0.00017562098917182532,0.49812093141604796,4.572323515533211e-05,0.4995041145168645,0.0030637771263509776,0.467828456901569,0.0,0.5,0.0,0.5,0.0002583222074220318,0.4972386492126386,0.0,0.5,0.0,0.5,0.0,0.5,0.0008621594248255598,0.4907207447350533,15.084369897842407
S-CPI_sqrt,0.3,0.7115524486815967,0.0005708672754806132,0.49383105890847623,-7.2333958897229476e-06,0.5000786185547615,0.0,0.5,0.0012873720569333482,0.4861725251604457,0.0,0.5,0.0,0.5,0.0,0.5,0.0,0.5,0.0,0.5,0.0,0.5,0.0,0.5,0.0,0.5,-0.00024213474983030383,0.5026282279194407,0.0001347687862617398,0.49853640625155493,0.0,0.5,0.0,0.5,0.0,0.5,0.0,0.5,0.0,0.5,0.0,0.5,0.004825401152953639,0.4496965244662481,-5.2204610210447964e-05,0.5005598777615577,7.27778329139763e-05,0.4992111724039828,0.0020179261214050485,0.47874136607592094,0.0,0.5,0.0,0.5,0.0002698342660287991,0.497115543139777,0.0,0.5,0.0,0.5,0.0,0.5,0.0008713996906194303,0.4906201501566904,3.638160467147827
S-CPI_sqrt,0.6,0.7116025324414761,0.0005795524714476267,0.49373784567675383,-8.781557129307968e-06,0.5000954561140657,1.2616170734376778e-17,0.4999999999999999,0.0011964873647824074,0.48721014653163236,1.2616170734376778e-17,0.4999999999999999,1.2616170734376778e-17,0.4999999999999999,1.2616170734376778e-17,0.4999999999999999,1.2616170734376778e-17,0.4999999999999999,1.2616170734376778e-17,0.4999999999999999,1.2616170734376778e-17,0.4999999999999999,1.2616170734376778e-17,0.4999999999999999,1.2616170734376778e-17,0.4999999999999999,-0.00024192628370548676,0.5026259250450689,0.00011954468802553222,0.4987015421764691,1.2616170734376778e-17,0.4999999999999999,1.2616170734376778e-17,0.4999999999999999,1.2616170734376778e-17,0.4999999999999999,1.2616170734376778e-17,0.4999999999999999,1.2616170734376778e-17,0.4999999999999999,1.2616170734376778e-17,0.4999999999999999,0.004601702412931266,0.4520184362819889,-0.00023521936199986053,0.5025312645549669,6.752336887988486e-05,0.4992685671487397,0.0013976958203652044,0.48522451140523826,1.2616170734376778e-17,0.4999999999999999,1.2616170734376778e-17,0.4999999999999999,0.0002526879997048759,0.4972988961620918,1.2616170734376778e-17,0.4999999999999999,1.2616170734376778e-17,0.4999999999999999,1.2616170734376778e-17,0.4999999999999999,0.0008701993988366211,0.4906277806713274,3.677529811859131
S-CPI_sqrt,0.9,0.710232783027772,0.0005951302033251691,0.49356969855353144,-4.3600996507939e-06,0.50004738495588,0.0,0.5,0.0008285649414183587,0.491074402527268,0.0,0.5,0.0,0.5,0.0,0.5,0.0,0.5,0.0,0.5,0.0,0.5,0.0,0.5,0.0,0.5,-0.00023736374844475115,0.502576654978781,0.00011604597775135864,0.49873940944397027,0.0,0.5,0.0,0.5,0.0,0.5,0.0,0.5,0.0,0.5,0.0,0.5,0.004287740835456267,0.4552942974183594,-0.00019301725259301456,0.502082794766421,2.4269439852521573e-05,0.49973726011677344,0.0011000657554865506,0.48828082629149744,0.0,0.5,0.0,0.5,0.00019096591542224308,0.4979585921246587,0.0,0.5,0.0,0.5,0.0,0.5,0.00042464603923296105,0.49539895545377993,3.6737852096557617
S-CPI_n,0.0,0.7115825930871861,0.0005592129158758281,0.42792829261249155,-3.1403851881565843e-06,0.5004358367734552,0.0,0.5,0.00018738320920485098,0.47619795727916503,0.0,0.5,0.0,0.5,0.0,0.5,0.0,0.5,0.0,0.5,0.0,0.5,0.0,0.5,0.0,0.5,-0.00025537111186722426,0.5347875630516692,0.0001420486596893417,0.48049639830703456,0.0,0.5,0.0,0.5,0.0,0.5,0.0,0.5,0.0,0.5,0.0,0.5,0.004793147598949055,0.13376236212438047,0.00017562098917182532,0.47972724022175456,4.572323515533211e-05,0.49382393751411024,0.0030637771263509776,0.22854132085412032,0.0,0.5,0.0,0.5,0.0002583222074220318,0.47049182175282633,0.0,0.5,0.0,0.5,0.0,0.5,0.0008621594248255598,0.3948351608969109,15.07100772857666
S-CPI_n,0.3,0.7115524486815967,0.0005708672754806132,0.42659738048982904,-7.2333958897229476e-06,0.5010040775063779,0.0,0.5,0.0012873720569333482,0.34839636142261965,0.0,0.5,0.0,0.5,0.0,0.5,0.0,0.5,0.0,0.5,0.0,0.5,0.0,0.5,0.0,0.5,-0.00024213474983030383,0.5330152273085474,0.0001347687862617398,0.481490186254615,0.0,0.5,0.0,0.5,0.0,0.5,0.0,0.5,0.0,0.5,0.0,0.5,0.004825401152953639,0.1328805466751135,-5.2204610210447964e-05,0.5061846655357587,7.27778329139763e-05,0.49024326329606077,0.0020179261214050485,0.30782385738837553,0.0,0.5,0.0,0.5,0.0002698342660287991,0.46917373394268924,0.0,0.5,0.0,0.5,0.0,0.5,0.0008713996906194303,0.39358743586778766,3.6318962574005127
S-CPI_n,0.6,0.7116025324414761,0.0005795524714476267,0.4255826620338309,-8.781557129307968e-06,0.5012207525811273,1.2616170734376778e-17,0.4999999999999982,0.0011964873647824074,0.3656163945413168,1.2616170734376778e-17,0.4999999999999982,1.2616170734376778e-17,0.4999999999999982,1.2616170734376778e-17,0.4999999999999982,1.2616170734376778e-17,0.4999999999999982,1.2616170734376778e-17,0.4999999999999982,1.2616170734376778e-17,0.4999999999999982,1.2616170734376778e-17,0.4999999999999982,1.2616170734376778e-17,0.4999999999999982,-0.00024192628370548676,0.5329805432399922,0.00011954468802553222,0.4835482111703876,1.2616170734376778e-17,0.4999999999999982,1.2616170734376778e-17,0.4999999999999982,1.2616170734376778e-17,0.4999999999999982,1.2616170734376778e-17,0.4999999999999982,1.2616170734376778e-17,0.4999999999999982,1.2616170734376778e-17,0.4999999999999982,0.004601702412931266,0.14434513846668245,-0.00023521936199986053,0.5289324849183391,6.752336887988486e-05,0.4910147896597102,0.0013976958203652044,0.35997173285488343,1.2616170734376778e-17,0.4999999999999982,1.2616170734376778e-17,0.4999999999999982,0.0002526879997048759,0.4711366403416918,1.2616170734376778e-17,0.4999999999999982,1.2616170734376778e-17,0.4999999999999982,1.2616170734376778e-17,0.4999999999999982,0.0008701993988366211,0.39305433145859625,3.6726105213165283
S-CPI_n,0.9,0.710232783027772,0.0005951302033251691,0.42362891044903483,-4.3600996507939e-06,0.5006045426978107,0.0,0.5,0.0008285649414183587,0.39783393147534674,0.0,0.5,0.0,0.5,0.0,0.5,0.0,0.5,0.0,0.5,0.0,0.5,0.0,0.5,0.0,0.5,-0.00023736374844475115,0.5323997036040768,0.00011604597775135864,0.4840078261086683,0.0,0.5,0.0,0.5,0.0,0.5,0.0,0.5,0.0,0.5,0.0,0.5,0.004287740835456267,0.16221297023453224,-0.00019301725259301456,0.5245114612563712,2.4269439852521573e-05,0.49679334849583695,0.0011000657554865506,0.38034138500134895,0.0,0.5,0.0,0.5,0.00019096591542224308,0.47817018319859933,0.0,0.5,0.0,0.5,0.0,0.5,0.00042464603923296105,0.44348881922855704,3.6500115394592285
S-CPI_bt,0.0,0.7115825930871861,0.0005592129158758281,0.4208901180016481,-3.1403851881565843e-06,0.5004472217504559,0.0,0.5,0.00018738320920485098,0.4733357535965679,0.0,0.5,0.0,0.5,0.0,0.5,0.0,0.5,0.0,0.5,0.0,0.5,0.0,0.5,0.0,0.5,-0.00025537111186722426,0.5363169544829444,0.0001420486596893417,0.479779569016206,0.0,0.5,0.0,0.5,0.0,0.5,0.0,0.5,0.0,0.5,0.0,0.5,0.004793147598949055,0.043675464962652524,0.00017562098917182532,0.47501077672728237,4.572323515533211e-05,0.49348889681202046,0.0030637771263509776,0.13720282001586276,0.0,0.5,0.0,0.5,0.0002583222074220318,0.46326984836443014,0.0,0.5,0.0,0.5,0.0,0.5,0.0008621594248255598,0.3791371865812426,15.386435985565186
S-CPI_bt,0.3,0.7115524486815967,0.0005708672754806132,0.41926426253678967,-7.2333958897229476e-06,0.5010301060721163,0.0,0.5,0.0012873720569333482,0.32293815292080785,0.0,0.5,0.0,0.5,0.0,0.5,0.0,0.5,0.0,0.5,0.0,0.5,0.0,0.5,0.0,0.5,-0.00024213474983030383,0.5344393900424161,0.0001347687862617398,0.48081502607765214,0.0,0.5,0.0,0.5,0.0,0.5,0.0,0.5,0.0,0.5,0.0,0.5,0.004825401152953639,0.04260809082164189,-5.2204610210447964e-05,0.5074331934345551,7.27778329139763e-05,0.4896369837573321,0.0020179261214050485,0.23575103747446596,0.0,0.5,0.0,0.5,0.0002698342660287991,0.46163882813518753,0.0,0.5,0.0,0.5,0.0,0.5,0.0008713996906194303,0.3778856199883114,3.930009365081787
S-CPI_bt,0.6,0.7116025324414761,0.0005795524714476267,0.4180531050603915,-8.781557129307968e-06,0.5012505790162538,1.2616170734376778e-17,0.4999999999999982,0.0011964873647824074,0.3346789351533288,1.2616170734376778e-17,0.4999999999999982,1.2616170734376778e-17,0.4999999999999982,1.2616170734376778e-17,0.4999999999999982,1.2616170734376778e-17,0.4999999999999982,1.2616170734376778e-17,0.4999999999999982,1.2616170734376778e-17,0.4999999999999982,1.2616170734376778e-17,0.4999999999999982,1.2616170734376778e-17,0.4999999999999982,-0.00024192628370548676,0.5344097934203439,0.00011954468802553222,0.4829808470660771,1.2616170734376778e-17,0.4999999999999982,1.2616170734376778e-17,0.4999999999999982,1.2616170734376778e-17,0.4999999999999982,1.2616170734376778e-17,0.4999999999999982,1.2616170734376778e-17,0.4999999999999982,1.2616170734376778e-17,0.4999999999999982,0.004601702412931266,0.05037648771221876,-0.00023521936199986053,0.5334564396568107,6.752336887988486e-05,0.4903850488574834,0.0013976958203652044,0.3089857701701071,1.2616170734376778e-17,0.4999999999999982,1.2616170734376778e-17,0.4999999999999982,0.0002526879997048759,0.46406989047084507,1.2616170734376778e-17,0.4999999999999982,1.2616170734376778e-17,0.4999999999999982,1.2616170734376778e-17,0.4999999999999982,0.0008701993988366211,0.3780475087700793,3.9514825344085693
S-CPI_bt,0.9,0.710232783027772,0.0005951302033251691,0.41588367189447284,-4.3600996507939e-06,0.5006209212224971,0.0,0.5,0.0008285649414183587,0.38370880203909563,0.0,0.5,0.0,0.5,0.0,0.5,0.0,0.5,0.0,0.5,0.0,0.5,0.0,0.5,0.0,0.5,-0.00023736374844475115,0.5337624121136642,0.00011604597775135864,0.483478653268037,0.0,0.5,0.0,0.5,0.0,0.5,0.0,0.5,0.0,0.5,0.0,0.5,0.004287740835456267,0.06309982298353539,-0.00019301725259301456,0.5274647696708651,2.4269439852521573e-05,0.496543882002879,0.0011000657554865506,0.3473072842125071,0.0,0.5,0.0,0.5,0.00019096591542224308,0.4728300479323078,0.0,0.5,0.0,0.5,0.0,0.5,0.00042464603923296105,0.43975758970768364,3.9508821964263916
S-CPI_sqd,0.0,0.7115825930871861,0.0005592129158758281,4.5207538928192085e-254,-3.1403851881565843e-06,0.5759826288698942,0.0,0.5,0.00018738320920485098,3.644819992624599e-30,0.0,0.5,0.0,0.5,0.0,0.5,0.0,0.5,0.0,0.5,0.0,0.5,0.0,0.5,0.0,0.5,-0.00025537111186722426,1.0,0.0001420486596893417,2.2491175150322555e-18,0.0,0.5,0.0,0.5,0.0,0.5,0.0,0.5,0.0,0.5,0.0,0.5,0.004793147598949055,0.0,0.00017562098917182532,8.152258836526071e-26,4.572323515533211e-05,0.002659727000120844,0.0030637771263509776,0.0,0.0,0.5,0.0,0.5,0.0002583222074220318,3.1349674857643645e-53,0.0,0.5,0.0,0.5,0.0,0.5,0.0008621594248255598,0.0,15.406028509140015
S-CPI_sqd,0.3,0.7115524486815967,0.0005708672754806132,5.498826655368901e-264,-7.2333958897229476e-06,0.6705406866216722,0.0,0.5,0.0012873720569333482,0.0,0.0,0.5,0.0,0.5,0.0,0.5,0.0,0.5,0.0,0.5,0.0,0.5,0.0,0.5,0.0,0.5,-0.00024213474983030383,1.0,0.0001347687862617398,1.0038001113140793e-16,0.0,0.5,0.0,0.5,0.0,0.5,0.0,0.5,0.0,0.5,0.0,0.5,0.004825401152953639,0.0,-5.2204610210447964e-05,0.9990965881590481,7.27778329139763e-05,4.630426772261251e-06,0.0020179261214050485,0.0,0.0,0.5,0.0,0.5,0.0002698342660287991,1.5905702421654926e-57,0.0,0.5,0.0,0.5,0.0,0.5,0.0008713996906194303,0.0,3.9352641105651855
S-CPI_sqd,0.6,0.7116025324414761,0.0005795524714476267,8.11533174155394e-272,-8.781557129307968e-06,0.7039722741157756,1.2616170734376778e-17,0.49999999999969275,0.0011964873647824074,0.0,1.2616170734376778e-17,0.49999999999969275,1.2616170734376778e-17,0.49999999999969275,1.2616170734376778e-17,0.49999999999969275,1.2616170734376778e-17,0.49999999999969275,1.2616170734376778e-17,0.49999999999969275,1.2616170734376778e-17,0.49999999999969275,1.2616170734376778e-17,0.49999999999969275,1.2616170734376778e-17,0.49999999999969275,-0.00024192628370548676,1.0,0.00011954468802553222,1.5179947909420942e-13,1.2616170734376778e-17,0.49999999999969275,1.2616170734376778e-17,0.49999999999969275,1.2616170734376778e-17,0.49999999999969275,1.2616170734376778e-17,0.49999999999969275,1.2616170734376778e-17,0.49999999999969275,1.2616170734376778e-17,0.49999999999969275,0.004601702412931266,0.0,-0.00023521936199986053,1.0,6.752336887988486e-05,1.9542212830037072e-05,0.0013976958203652044,0.0,1.2616170734376778e-17,0.49999999999969275,1.2616170734376778e-17,0.49999999999969275,0.0002526879997048759,1.9887049918538878e-51,1.2616170734376778e-17,0.49999999999969275,1.2616170734376778e-17,0.49999999999969275,1.2616170734376778e-17,0.49999999999969275,0.0008701993988366211,0.0,4.004582643508911
S-CPI_sqd,0.9,0.710232783027772,0.0005951302033251691,1.4856123667428802e-286,-4.3600996507939e-06,0.6048983481364697,0.0,0.5,0.0008285649414183587,0.0,0.0,0.5,0.0,0.5,0.0,0.5,0.0,0.5,0.0,0.5,0.0,0.5,0.0,0.5,0.0,0.5,-0.00023736374844475115,1.0,0.00011604597775135864,7.193022252282615e-13,0.0,0.5,0.0,0.5,0.0,0.5,0.0,0.5,0.0,0.5,0.0,0.5,0.004287740835456267,0.0,-0.00019301725259301456,1.0,2.4269439852521573e-05,0.0697967826875338,0.0011000657554865506,0.0,0.0,0.5,0.0,0.5,0.00019096591542224308,2.0792823562187204e-30,0.0,0.5,0.0,0.5,0.0,0.5,0.00042464603923296105,7.574874896242805e-148,3.962249994277954
S-CPI2,0.0,0.7115825930871861,0.0005419376103738818,0.02615934646492068,-2.5973743731402463e-05,0.6245411946210119,-2.748076793626625e-17,0.840874632257625,-4.26965879052772e-05,0.5492128084510057,-2.748076793626625e-17,0.840874632257625,-2.748076793626625e-17,0.840874632257625,-2.748076793626625e-17,0.840874632257625,-2.748076793626625e-17,0.840874632257625,-2.748076793626625e-17,0.840874632257625,-2.748076793626625e-17,0.840874632257625,-2.748076793626625e-17,0.840874632257625,-2.748076793626625e-17,0.840874632257625,-0.00022413502168041753,0.9586356852319,0.00011428567091130726,0.1437953302236536,-2.748076793626625e-17,0.840874632257625,-2.748076793626625e-17,0.840874632257625,-2.748076793626625e-17,0.840874632257625,-2.748076793626625e-17,0.840874632257625,-2.748076793626625e-17,0.840874632257625,-2.748076793626625e-17,0.840874632257625,0.003690755754240781,0.006607811944555545,0.0004327645074070132,0.26896657637932464,-1.5041703493084484e-05,0.5363601076549667,0.0019366658138368783,0.07885522503778297,-2.748076793626625e-17,0.840874632257625,-2.748076793626625e-17,0.840874632257625,0.0003283819127426331,0.31856386356537925,-2.748076793626625e-17,0.840874632257625,-2.748076793626625e-17,0.840874632257625,-2.748076793626625e-17,0.840874632257625,0.0005386256819417868,0.12150988521119926,15.27621865272522
S-CPI2,0.3,0.7115524486815967,0.0005529066811651912,0.026561257951793302,-2.912926184743165e-05,0.6402236184462944,1.3740383968133125e-17,0.2947373435501751,0.0007912777059330568,0.07298937877657113,1.3740383968133125e-17,0.2947373435501751,1.3740383968133125e-17,0.2947373435501751,1.3740383968133125e-17,0.2947373435501751,1.3740383968133125e-17,0.2947373435501751,1.3740383968133125e-17,0.2947373435501751,1.3740383968133125e-17,0.2947373435501751,1.3740383968133125e-17,0.2947373435501751,1.3740383968133125e-17,0.2947373435501751,-0.00021330579705623536,0.9538368284689527,0.00010880802355513128,0.1536983325673898,1.3740383968133125e-17,0.2947373435501751,1.3740383968133125e-17,0.2947373435501751,1.3740383968133125e-17,0.2947373435501751,1.3740383968133125e-17,0.2947373435501751,1.3740383968133125e-17,0.2947373435501751,1.3740383968133125e-17,0.2947373435501751,0.0037190586879942674,0.006684664346800121,0.00022389049611924576,0.3580402910663286,-3.929542565610577e-06,0.5083091166231049,0.0012156366667497073,0.1653604395806657,1.3740383968133125e-17,0.2947373435501751,1.3740383968133125e-17,0.2947373435501751,0.00033751706956095055,0.3137173097682686,1.3740383968133125e-17,0.2947373435501751,1.3740383968133125e-17,0.2947373435501751,1.3740383968133125e-17,0.2947373435501751,0.0005406690486371342,0.1171244898733208,3.778749704360962
S-CPI2,0.6,0.7116025324414761,0.0005605187207842298,0.02651859120731681,-2.954463188609861e-05,0.6504749472733633,-4.1221151904399376e-17,0.9480482683174699,0.0005620871146853134,0.22285571935736115,-4.1221151904399376e-17,0.9480482683174699,-4.1221151904399376e-17,0.9480482683174699,-4.1221151904399376e-17,0.9480482683174699,-4.1221151904399376e-17,0.9480482683174699,-4.1221151904399376e-17,0.9480482683174699,-4.1221151904399376e-17,0.9480482683174699,-4.1221151904399376e-17,0.9480482683174699,-4.1221151904399376e-17,0.9480482683174699,-0.0002120975366626694,0.9520469638969546,9.684152609227138e-05,0.16811751414866188,-4.1221151904399376e-17,0.9480482683174699,-4.1221151904399376e-17,0.9480482683174699,-4.1221151904399376e-17,0.9480482683174699,-4.1221151904399376e-17,0.9480482683174699,-4.1221151904399376e-17,0.9480482683174699,-4.1221151904399376e-17,0.9480482683174699,0.0035663831340779903,0.008755549369389852,1.884417108230095e-05,0.48445700859063484,-1.2858556208763395e-05,0.5241345555134178,0.0010438148905381277,0.1784169190983404,-4.1221151904399376e-17,0.9480482683174699,-4.1221151904399376e-17,0.9480482683174699,0.00032916586292783295,0.3183160385710545,-4.1221151904399376e-17,0.9480482683174699,-4.1221151904399376e-17,0.9480482683174699,-4.1221151904399376e-17,0.9480482683174699,0.0005570079687694271,0.09920247919448927,3.837484836578369
S-CPI2,0.9,0.710232783027772,0.0005747450136631193,0.02405390596079425,-3.0195413847724154e-05,0.6391720658366884,-4.1221151904399376e-17,0.9393857358651467,0.0004076809869799795,0.1740268224221172,-4.1221151904399376e-17,0.9393857358651467,-4.1221151904399376e-17,0.9393857358651467,-4.1221151904399376e-17,0.9393857358651467,-4.1221151904399376e-17,0.9393857358651467,-4.1221151904399376e-17,0.9393857358651467,-4.1221151904399376e-17,0.9393857358651467,-4.1221151904399376e-17,0.9393857358651467,-4.1221151904399376e-17,0.9393857358651467,-0.00020904772726412093,0.9547532975747095,9.197625135923617e-05,0.17069493905284944,-4.1221151904399376e-17,0.9393857358651467,-4.1221151904399376e-17,0.9393857358651467,-4.1221151904399376e-17,0.9393857358651467,-4.1221151904399376e-17,0.9393857358651467,-4.1221151904399376e-17,0.9393857358651467,-4.1221151904399376e-17,0.9393857358651467,0.0033342533854142146,0.013317313233294293,-7.083520157330987e-06,0.5075633548708905,-5.031460332926019e-05,0.5846196477313315,0.0006764961409429927,0.21031070133249985,-4.1221151904399376e-17,0.9393857358651467,-4.1221151904399376e-17,0.9393857358651467,0.0002841709889950168,0.34133019948011095,-4.1221151904399376e-17,0.9393857358651467,-4.1221151904399376e-17,0.9393857358651467,-4.1221151904399376e-17,0.9393857358651467,0.0003058195616247163,0.06166754375010179,3.8621840476989746
S-CPI2_sqrt,0.0,0.7115825930871861,0.0005419376103738818,0.4941429589238001,-2.5973743731402463e-05,0.5002822334570934,-2.748076793626625e-17,0.5000000000000003,-4.26965879052772e-05,0.5004606406516359,-2.748076793626625e-17,0.5000000000000003,-2.748076793626625e-17,0.5000000000000003,-2.748076793626625e-17,0.5000000000000003,-2.748076793626625e-17,0.5000000000000003,-2.748076793626625e-17,0.5000000000000003,-2.748076793626625e-17,0.5000000000000003,-2.748076793626625e-17,0.5000000000000003,-2.748076793626625e-17,0.5000000000000003,-0.00022413502168041753,0.5024323228508366,0.00011428567091130726,0.4987590284683769,-2.748076793626625e-17,0.5000000000000003,-2.748076793626625e-17,0.5000000000000003,-2.748076793626625e-17,0.5000000000000003,-2.748076793626625e-17,0.5000000000000003,-2.748076793626625e-17,0.5000000000000003,-2.748076793626625e-17,0.5000000000000003,0.003690755754240781,0.4614369346307106,0.0004327645074070132,0.49537582719833195,-1.5041703493084484e-05,0.5001630761653864,0.0019366658138368783,0.4796785290426649,-2.748076793626625e-17,0.5000000000000003,-2.748076793626625e-17,0.5000000000000003,0.0003283819127426331,0.49649053428587164,-2.748076793626625e-17,0.5000000000000003,-2.748076793626625e-17,0.5000000000000003,-2.748076793626625e-17,0.5000000000000003,0.0005386256819417868,0.4942073232295888,15.25943398475647
S-CPI2_sqrt,0.3,0.7115524486815967,0.0005529066811651912,0.4940254901879884,-2.912926184743165e-05,0.5003165276626796,1.3740383968133125e-17,0.49999999999999983,0.0007912777059330568,0.4915094809349381,1.3740383968133125e-17,0.49999999999999983,1.3740383968133125e-17,0.49999999999999983,1.3740383968133125e-17,0.49999999999999983,1.3740383968133125e-17,0.49999999999999983,1.3740383968133125e-17,0.49999999999999983,1.3740383968133125e-17,0.49999999999999983,1.3740383968133125e-17,0.49999999999999983,1.3740383968133125e-17,0.49999999999999983,-0.00021330579705623536,0.5023149597071633,0.00010880802355513128,0.49881847942647134,1.3740383968133125e-17,0.49999999999999983,1.3740383968133125e-17,0.49999999999999983,1.3740383968133125e-17,0.49999999999999983,1.3740383968133125e-17,0.49999999999999983,1.3740383968133125e-17,0.49999999999999983,1.3740383968133125e-17,0.49999999999999983,0.0037190586879942674,0.4611562890569598,0.00022389049611924576,0.49760205841426636,-3.929542565610577e-06,0.5000425749488288,0.0012156366667497073,0.4872002219889026,1.3740383968133125e-17,0.49999999999999983,1.3740383968133125e-17,0.49999999999999983,0.00033751706956095055,0.4963928388902357,1.3740383968133125e-17,0.49999999999999983,1.3740383968133125e-17,0.49999999999999983,1.3740383968133125e-17,0.49999999999999983,0.0005406690486371342,0.4941842800906251,3.789232015609741
S-CPI2_sqrt,0.6,0.7116025324414761,0.0005605187207842298,0.49394387207553214,-2.954463188609861e-05,0.5003210823600484,-4.1221151904399376e-17,0.5000000000000004,0.0005620871146853134,0.49399962278525916,-4.1221151904399376e-17,0.5000000000000004,-4.1221151904399376e-17,0.5000000000000004,-4.1221151904399376e-17,0.5000000000000004,-4.1221151904399376e-17,0.5000000000000004,-4.1221151904399376e-17,0.5000000000000004,-4.1221151904399376e-17,0.5000000000000004,-4.1221151904399376e-17,0.5000000000000004,-4.1221151904399376e-17,0.5000000000000004,-0.0002120975366626694,0.502301805491701,9.684152609227138e-05,0.49894825168658447,-4.1221151904399376e-17,0.5000000000000004,-4.1221151904399376e-17,0.5000000000000004,-4.1221151904399376e-17,0.5000000000000004,-4.1221151904399376e-17,0.5000000000000004,-4.1221151904399376e-17,0.5000000000000004,-4.1221151904399376e-17,0.5000000000000004,0.0035663831340779903,0.46274396315026484,1.884417108230095e-05,0.4997974534782004,-1.2858556208763395e-05,0.5001392272034216,0.0010438148905381277,0.48897485394087153,-4.1221151904399376e-17,0.5000000000000004,-4.1221151904399376e-17,0.5000000000000004,0.00032916586292783295,0.4964822162616134,-4.1221151904399376e-17,0.5000000000000004,-4.1221151904399376e-17,0.5000000000000004,-4.1221151904399376e-17,0.5000000000000004,0.0005570079687694271,0.4940050768835957,3.7980027198791504
S-CPI2_sqrt,0.9,0.710232783027772,0.0005747450136631193,0.4937903563536196,-3.0195413847724154e-05,0.5003280803390137,-4.1221151904399376e-17,0.5000000000000004,0.0004076809869799795,0.49561232636973307,-4.1221151904399376e-17,0.5000000000000004,-4.1221151904399376e-17,0.5000000000000004,-4.1221151904399376e-17,0.5000000000000004,-4.1221151904399376e-17,0.5000000000000004,-4.1221151904399376e-17,0.5000000000000004,-4.1221151904399376e-17,0.5000000000000004,-4.1221151904399376e-17,0.5000000000000004,-4.1221151904399376e-17,0.5000000000000004,-0.00020904772726412093,0.502268947721089,9.197625135923617e-05,0.49900098124765846,-4.1221151904399376e-17,0.5000000000000004,-4.1221151904399376e-17,0.5000000000000004,-4.1221151904399376e-17,0.5000000000000004,-4.1221151904399376e-17,0.5000000000000004,-4.1221151904399376e-17,0.5000000000000004,-4.1221151904399376e-17,0.5000000000000004,0.0033342533854142146,0.4651651773422626,-7.083520157330987e-06,0.5000763633951206,-5.031460332926019e-05,0.5005444460583248,0.0006764961409429927,0.4927982424058871,-4.1221151904399376e-17,0.5000000000000004,-4.1221151904399376e-17,0.5000000000000004,0.0002841709889950168,0.496962926403925,-4.1221151904399376e-17,0.5000000000000004,-4.1221151904399376e-17,0.5000000000000004,-4.1221151904399376e-17,0.5000000000000004,0.0003058195616247163,0.4966874937505262,3.833141803741455
S-CPI2_n,0.0,0.7115825930871861,0.0005419376103738818,0.4301794395816343,-2.5973743731402463e-05,0.5035939008420175,-2.748076793626625e-17,0.5000000000000039,-4.26965879052772e-05,0.5054131303366203,-2.748076793626625e-17,0.5000000000000039,-2.748076793626625e-17,0.5000000000000039,-2.748076793626625e-17,0.5000000000000039,-2.748076793626625e-17,0.5000000000000039,-2.748076793626625e-17,0.5000000000000039,-2.748076793626625e-17,0.5000000000000039,-2.748076793626625e-17,0.5000000000000039,-2.748076793626625e-17,0.5000000000000039,-0.00022413502168041753,0.5304823805470935,0.00011428567091130726,0.484329901946965,-2.748076793626625e-17,0.5000000000000039,-2.748076793626625e-17,0.5000000000000039,-2.748076793626625e-17,0.5000000000000039,-2.748076793626625e-17,0.5000000000000039,-2.748076793626625e-17,0.5000000000000039,-2.748076793626625e-17,0.5000000000000039,0.003690755754240781,0.19485311217419554,0.0004327645074070132,0.4508528136872759,-1.5041703493084484e-05,0.5020230625702102,0.0019366658138368783,0.3212560773153525,-2.748076793626625e-17,0.5000000000000039,-2.748076793626625e-17,0.5000000000000039,0.0003283819127426331,0.4625980861146357,-2.748076793626625e-17,0.5000000000000039,-2.748076793626625e-17,0.5000000000000039,-2.748076793626625e-17,0.5000000000000039,0.0005386256819417868,0.43443862163232394,15.28961730003357
S-CPI2_n,0.3,0.7115524486815967,0.0005529066811651912,0.42893232831046535,-2.912926184743165e-05,0.5040314813053182,1.3740383968133125e-17,0.49999999999999806,0.0007912777059330568,0.4065176628100529,1.3740383968133125e-17,0.49999999999999806,1.3740383968133125e-17,0.49999999999999806,1.3740383968133125e-17,0.49999999999999806,1.3740383968133125e-17,0.49999999999999806,1.3740383968133125e-17,0.49999999999999806,1.3740383968133125e-17,0.49999999999999806,1.3740383968133125e-17,0.49999999999999806,1.3740383968133125e-17,0.49999999999999806,-0.00021330579705623536,0.529036570708369,0.00010880802355513128,0.48507614881421657,1.3740383968133125e-17,0.49999999999999806,1.3740383968133125e-17,0.49999999999999806,1.3740383968133125e-17,0.49999999999999806,1.3740383968133125e-17,0.49999999999999806,1.3740383968133125e-17,0.49999999999999806,1.3740383968133125e-17,0.49999999999999806,0.0037190586879942674,0.19380981235931555,0.00022389049611924576,0.473878590400473,-3.929542565610577e-06,0.5005242985070883,0.0012156366667497073,0.38206149879392876,1.3740383968133125e-17,0.49999999999999806,1.3740383968133125e-17,0.49999999999999806,0.00033751706956095055,0.46155294135688574,1.3740383968133125e-17,0.49999999999999806,1.3740383968133125e-17,0.49999999999999806,1.3740383968133125e-17,0.49999999999999806,0.0005406690486371342,0.43405558192844174,3.86771297454834
S-CPI2_n,0.6,0.7116025324414761,0.0005605187207842298,0.4280528752556023,-2.954463188609861e-05,0.5040956529594897,-4.1221151904399376e-17,0.5000000000000059,0.0005620871146853134,0.4368929182052784,-4.1221151904399376e-17,0.5000000000000059,-4.1221151904399376e-17,0.5000000000000059,-4.1221151904399376e-17,0.5000000000000059,-4.1221151904399376e-17,0.5000000000000059,-4.1221151904399376e-17,0.5000000000000059,-4.1221151904399376e-17,0.5000000000000059,-4.1221151904399376e-17,0.5000000000000059,-4.1221151904399376e-17,0.5000000000000059,-0.0002120975366626694,0.5288658788097558,9.684152609227138e-05,0.4866898247859495,-4.1221151904399376e-17,0.5000000000000059,-4.1221151904399376e-17,0.5000000000000059,-4.1221151904399376e-17,0.5000000000000059,-4.1221151904399376e-17,0.5000000000000059,-4.1221151904399376e-17,0.5000000000000059,-4.1221151904399376e-17,0.5000000000000059,0.0035663831340779903,0.203577376853543,1.884417108230095e-05,0.49771144701273967,-1.2858556208763395e-05,0.5017021159143341,0.0010438148905381277,0.39538216687071365,-4.1221151904399376e-17,0.5000000000000059,-4.1221151904399376e-17,0.5000000000000059,0.00032916586292783295,0.46251585702435166,-4.1221151904399376e-17,0.5000000000000059,-4.1221151904399376e-17,0.5000000000000059,-4.1221151904399376e-17,0.5000000000000059,0.0005570079687694271,0.4316359416581728,3.7980690002441406
S-CPI2_n,0.9,0.710232783027772,0.0005747450136631193,0.4262727509248536,-3.0195413847724154e-05,0.5041737713511597,-4.1221151904399376e-17,0.5000000000000059,0.0004076809869799795,0.449869866307175,-4.1221151904399376e-17,0.5000000000000059,-4.1221151904399376e-17,0.5000000000000059,-4.1221151904399376e-17,0.5000000000000059,-4.1221151904399376e-17,0.5000000000000059,-4.1221151904399376e-17,0.5000000000000059,-4.1221151904399376e-17,0.5000000000000059,-4.1221151904399376e-17,0.5000000000000059,-4.1221151904399376e-17,0.5000000000000059,-0.00020904772726412093,0.5284893044031749,9.197625135923617e-05,0.4873407047854288,-4.1221151904399376e-17,0.5000000000000059,-4.1221151904399376e-17,0.5000000000000059,-4.1221151904399376e-17,0.5000000000000059,-4.1221151904399376e-17,0.5000000000000059,-4.1221151904399376e-17,0.5000000000000059,-4.1221151904399376e-17,0.5000000000000059,0.0033342533854142146,0.21933798403524823,-7.083520157330987e-06,0.5008900595948208,-5.031460332926019e-05,0.5066095415061206,0.0006764961409429927,0.4263083844696501,-4.1221151904399376e-17,0.5000000000000059,-4.1221151904399376e-17,0.5000000000000059,0.0002841709889950168,0.4676118278296568,-4.1221151904399376e-17,0.5000000000000059,-4.1221151904399376e-17,0.5000000000000059,-4.1221151904399376e-17,0.5000000000000059,0.0003058195616247163,0.4593998572029918,3.843031644821167
S-CPI2_bt,0.0,0.7115825930871861,0.0005419376103738818,0.42330327871442625,-2.5973743731402463e-05,0.5036988627806063,-2.748076793626625e-17,0.5000000000000039,-4.26965879052772e-05,0.5060799457554508,-2.748076793626625e-17,0.5000000000000039,-2.748076793626625e-17,0.5000000000000039,-2.748076793626625e-17,0.5000000000000039,-2.748076793626625e-17,0.5000000000000039,-2.748076793626625e-17,0.5000000000000039,-2.748076793626625e-17,0.5000000000000039,-2.748076793626625e-17,0.5000000000000039,-2.748076793626625e-17,0.5000000000000039,-0.00022413502168041753,0.5318849126586607,0.00011428567091130726,0.48372913112033095,-2.748076793626625e-17,0.5000000000000039,-2.748076793626625e-17,0.5000000000000039,-2.748076793626625e-17,0.5000000000000039,-2.748076793626625e-17,0.5000000000000039,-2.748076793626625e-17,0.5000000000000039,-2.748076793626625e-17,0.5000000000000039,0.003690755754240781,0.0940401890825141,0.0004327645074070132,0.4386235314720122,-1.5041703493084484e-05,0.5021420599629699,0.0019366658138368783,0.24484938649393168,-2.748076793626625e-17,0.5000000000000039,-2.748076793626625e-17,0.5000000000000039,0.0003283819127426331,0.45334956376254093,-2.748076793626625e-17,0.5000000000000039,-2.748076793626625e-17,0.5000000000000039,-2.748076793626625e-17,0.5000000000000039,0.0005386256819417868,0.42376897594187257,15.624140739440918
S-CPI2_bt,0.3,0.7115524486815967,0.0005529066811651912,0.42177068883983243,-2.912926184743165e-05,0.5041482184172352,1.3740383968133125e-17,0.49999999999999806,0.0007912777059330568,0.3888072122902323,1.3740383968133125e-17,0.49999999999999806,1.3740383968133125e-17,0.49999999999999806,1.3740383968133125e-17,0.49999999999999806,1.3740383968133125e-17,0.49999999999999806,1.3740383968133125e-17,0.49999999999999806,1.3740383968133125e-17,0.49999999999999806,1.3740383968133125e-17,0.49999999999999806,1.3740383968133125e-17,0.49999999999999806,-0.00021330579705623536,0.5303474301872895,0.00010880802355513128,0.4845085799407549,1.3740383968133125e-17,0.49999999999999806,1.3740383968133125e-17,0.49999999999999806,1.3740383968133125e-17,0.49999999999999806,1.3740383968133125e-17,0.49999999999999806,1.3740383968133125e-17,0.49999999999999806,1.3740383968133125e-17,0.49999999999999806,0.0037190586879942674,0.09232178391145623,0.00022389049611924576,0.4681541349967375,-3.929542565610577e-06,0.5005595994749031,0.0012156366667497073,0.33225316625115886,1.3740383968133125e-17,0.49999999999999806,1.3740383968133125e-17,0.49999999999999806,0.00033751706956095055,0.4520572253475243,1.3740383968133125e-17,0.49999999999999806,1.3740383968133125e-17,0.49999999999999806,1.3740383968133125e-17,0.49999999999999806,0.0005406690486371342,0.42348470803860605,4.112485408782959
S-CPI2_bt,0.6,0.7116025324414761,0.0005605187207842298,0.4207081717482667,-2.954463188609861e-05,0.5042073693928787,-4.1221151904399376e-17,0.5000000000000059,0.0005620871146853134,0.42050433896885775,-4.1221151904399376e-17,0.5000000000000059,-4.1221151904399376e-17,0.5000000000000059,-4.1221151904399376e-17,0.5000000000000059,-4.1221151904399376e-17,0.5000000000000059,-4.1221151904399376e-17,0.5000000000000059,-4.1221151904399376e-17,0.5000000000000059,-4.1221151904399376e-17,0.5000000000000059,-4.1221151904399376e-17,0.5000000000000059,-0.0002120975366626694,0.5301758404489345,9.684152609227138e-05,0.48621157572261225,-4.1221151904399376e-17,0.5000000000000059,-4.1221151904399376e-17,0.5000000000000059,-4.1221151904399376e-17,0.5000000000000059,-4.1221151904399376e-17,0.5000000000000059,-4.1221151904399376e-17,0.5000000000000059,-4.1221151904399376e-17,0.5000000000000059,0.0035663831340779903,0.10165588161145978,1.884417108230095e-05,0.49731664071892395,-1.2858556208763395e-05,0.5018311536483703,0.0010438148905381277,0.35478047159075676,-4.1221151904399376e-17,0.5000000000000059,-4.1221151904399376e-17,0.5000000000000059,0.00032916586292783295,0.4532390326358489,-4.1221151904399376e-17,0.5000000000000059,-4.1221151904399376e-17,0.5000000000000059,-4.1221151904399376e-17,0.5000000000000059,0.0005570079687694271,0.4212011743625106,4.126915216445923
S-CPI2_bt,0.9,0.710232783027772,0.0005747450136631193,0.4187233724067944,-3.0195413847724154e-05,0.5043000393736295,-4.1221151904399376e-17,0.5000000000000059,0.0004076809869799795,0.4421503086616472,-4.1221151904399376e-17,0.5000000000000059,-4.1221151904399376e-17,0.5000000000000059,-4.1221151904399376e-17,0.5000000000000059,-4.1221151904399376e-17,0.5000000000000059,-4.1221151904399376e-17,0.5000000000000059,-4.1221151904399376e-17,0.5000000000000059,-4.1221151904399376e-17,0.5000000000000059,-4.1221151904399376e-17,0.5000000000000059,-0.00020904772726412093,0.5297427425769424,9.197625135923617e-05,0.4869040530832348,-4.1221151904399376e-17,0.5000000000000059,-4.1221151904399376e-17,0.5000000000000059,-4.1221151904399376e-17,0.5000000000000059,-4.1221151904399376e-17,0.5000000000000059,-4.1221151904399376e-17,0.5000000000000059,-4.1221151904399376e-17,0.5000000000000059,0.0033342533854142146,0.11716183514657474,-7.083520157330987e-06,0.5010087036538543,-5.031460332926019e-05,0.5071647989364513,0.0006764961409429927,0.40461271633015083,-4.1221151904399376e-17,0.5000000000000059,-4.1221151904399376e-17,0.5000000000000059,0.0002841709889950168,0.459606885997568,-4.1221151904399376e-17,0.5000000000000059,-4.1221151904399376e-17,0.5000000000000059,-4.1221151904399376e-17,0.5000000000000059,0.0003058195616247163,0.45653515605439626,4.132710933685303
S-CPI2_sqd,0.0,0.7115825930871861,0.0005419376103738818,4.100868697733335e-238,-2.5973743731402463e-05,0.9434897849343927,-2.748076793626625e-17,0.5000000000006692,-4.26965879052772e-05,0.9951869628216136,-2.748076793626625e-17,0.5000000000006692,-2.748076793626625e-17,0.5000000000006692,-2.748076793626625e-17,0.5000000000006692,-2.748076793626625e-17,0.5000000000006692,-2.748076793626625e-17,0.5000000000006692,-2.748076793626625e-17,0.5000000000006692,-2.748076793626625e-17,0.5000000000006692,-2.748076793626625e-17,0.5000000000006692,-0.00022413502168041753,1.0,0.00011428567091130726,1.5766609863063417e-12,-2.748076793626625e-17,0.5000000000006692,-2.748076793626625e-17,0.5000000000006692,-2.748076793626625e-17,0.5000000000006692,-2.748076793626625e-17,0.5000000000006692,-2.748076793626625e-17,0.5000000000006692,-2.748076793626625e-17,0.5000000000006692,0.003690755754240781,0.0,0.0004327645074070132,1.168923511149721e-144,-1.5041703493084484e-05,0.8203413897481961,0.0019366658138368783,0.0,-2.748076793626625e-17,0.5000000000006692,-2.748076793626625e-17,0.5000000000006692,0.0003283819127426331,2.7742283615363915e-85,-2.748076793626625e-17,0.5000000000006692,-2.748076793626625e-17,0.5000000000006692,-2.748076793626625e-17,0.5000000000006692,0.0005386256819417868,1.5097020786250675e-231,15.585855960845947
S-CPI2_sqd,0.3,0.7115524486815967,0.0005529066811651912,4.1878909238251245e-247,-2.912926184743165e-05,0.9622497370099419,1.3740383968133125e-17,0.4999999999996654,0.0007912777059330568,0.0,1.3740383968133125e-17,0.4999999999996654,1.3740383968133125e-17,0.4999999999996654,1.3740383968133125e-17,0.4999999999996654,1.3740383968133125e-17,0.4999999999996654,1.3740383968133125e-17,0.4999999999996654,1.3740383968133125e-17,0.4999999999996654,1.3740383968133125e-17,0.4999999999996654,1.3740383968133125e-17,0.4999999999996654,-0.00021330579705623536,1.0,0.00010880802355513128,1.6018081084944405e-11,1.3740383968133125e-17,0.4999999999996654,1.3740383968133125e-17,0.4999999999996654,1.3740383968133125e-17,0.4999999999996654,1.3740383968133125e-17,0.4999999999996654,1.3740383968133125e-17,0.4999999999996654,1.3740383968133125e-17,0.4999999999996654,0.0037190586879942674,0.0,0.00022389049611924576,3.496778020062665e-41,-3.929542565610577e-06,0.5945875729342442,0.0012156366667497073,0.0,1.3740383968133125e-17,0.4999999999996654,1.3740383968133125e-17,0.4999999999996654,0.00033751706956095055,1.3682949026347962e-89,1.3740383968133125e-17,0.4999999999996654,1.3740383968133125e-17,0.4999999999996654,1.3740383968133125e-17,0.4999999999996654,0.0005406690486371342,1.9569980547692763e-232,4.096782445907593
S-CPI2_sqd,0.6,0.7116025324414761,0.0005605187207842298,2.1186755227270304e-254,-2.954463188609861e-05,0.9642939026449108,-4.1221151904399376e-17,0.5000000000010039,0.0005620871146853134,1.4085243878068824e-241,-4.1221151904399376e-17,0.5000000000010039,-4.1221151904399376e-17,0.5000000000010039,-4.1221151904399376e-17,0.5000000000010039,-4.1221151904399376e-17,0.5000000000010039,-4.1221151904399376e-17,0.5000000000010039,-4.1221151904399376e-17,0.5000000000010039,-4.1221151904399376e-17,0.5000000000010039,-4.1221151904399376e-17,0.5000000000010039,-0.0002120975366626694,1.0,9.684152609227138e-05,1.7355508647721857e-09,-4.1221151904399376e-17,0.5000000000010039,-4.1221151904399376e-17,0.5000000000010039,-4.1221151904399376e-17,0.5000000000010039,-4.1221151904399376e-17,0.5000000000010039,-4.1221151904399376e-17,0.5000000000010039,-4.1221151904399376e-17,0.5000000000010039,0.0035663831340779903,0.0,1.884417108230095e-05,0.12877217526078027,-1.2858556208763395e-05,0.7831273614936507,0.0010438148905381277,0.0,-4.1221151904399376e-17,0.5000000000010039,-4.1221151904399376e-17,0.5000000000010039,0.00032916586292783295,2.538905629626611e-84,-4.1221151904399376e-17,0.5000000000010039,-4.1221151904399376e-17,0.5000000000010039,-4.1221151904399376e-17,0.5000000000010039,0.0005570079687694271,5.7581030920793174e-248,4.133495569229126
S-CPI2_sqd,0.9,0.710232783027772,0.0005747450136631193,1.7174553640950495e-267,-3.0195413847724154e-05,0.9672869408844054,-4.1221151904399376e-17,0.5000000000010039,0.0004076809869799795,5.596151314127325e-134,-4.1221151904399376e-17,0.5000000000010039,-4.1221151904399376e-17,0.5000000000010039,-4.1221151904399376e-17,0.5000000000010039,-4.1221151904399376e-17,0.5000000000010039,-4.1221151904399376e-17,0.5000000000010039,-4.1221151904399376e-17,0.5000000000010039,-4.1221151904399376e-17,0.5000000000010039,-4.1221151904399376e-17,0.5000000000010039,-0.00020904772726412093,1.0,9.197625135923617e-05,1.0041595392837335e-08,-4.1221151904399376e-17,0.5000000000010039,-4.1221151904399376e-17,0.5000000000010039,-4.1221151904399376e-17,0.5000000000010039,-4.1221151904399376e-17,0.5000000000010039,-4.1221151904399376e-17,0.5000000000010039,-4.1221151904399376e-17,0.5000000000010039,0.0033342533854142146,0.0,-7.083520157330987e-06,0.6658243362302303,-5.031460332926019e-05,0.9988969599924444,0.0006764961409429927,0.0,-4.1221151904399376e-17,0.5000000000010039,-4.1221151904399376e-17,0.5000000000010039,0.0002841709889950168,1.6990691095910242e-63,-4.1221151904399376e-17,0.5000000000010039,-4.1221151904399376e-17,0.5000000000010039,-4.1221151904399376e-17,0.5000000000010039,0.0003058195616247163,1.0241408066249718e-77,4.124834299087524
LOCO,0.0,0.7115825930871861,-0.0041099602322146045,0.9963891533103079,-0.0001250841528182972,0.9188792488908715,-5.3247637982895e-06,0.6302248515898845,-0.0034936060282997894,0.9828082597383946,0.0,0.5,-2.671266907672276e-08,0.6973736655558508,1.3714507031414858e-07,0.33326176485394793,0.0,0.5,0.0,0.5,0.0,0.5,1.028283335993696e-06,0.3408674085537999,-0.004470125408882912,0.9987293077581247,0.0003096560459895925,0.10480081404288538,-0.004345444682288806,0.9980673443505587,0.0,0.5,0.0,0.5,0.0,0.5,0.0,0.5,0.0,0.5,0.0,0.5,-0.0026868804435201815,0.8566442719152587,0.0019529635052386723,0.019574902229530663,-0.00035787861964853285,0.93935807558029,-0.002070669635919703,0.7934145065310272,0.0,0.5,-4.7662669658277146e-07,0.6688490098606302,-0.00478166821643046,0.9952159803631228,0.0,1.0,-5.343360753862214e-10,0.5778475016412972,0.0,1.0,0.0006829761195962236,0.07087645203868359,3.6391072273254395
LOCO,0.3,0.7115524486815967,-0.004138539407452693,0.9964002634366916,-0.0001253656297335315,0.920998744292436,-8.649091551723997e-06,0.608046073077413,-0.002906892772082406,0.9524799910150623,1.3877787807814457e-17,0.24121668306532984,-2.462344222964319e-08,0.7261345002430727,1.033992424737118e-07,0.377740879385558,1.3877787807814457e-17,0.24121668306532984,1.3877787807814457e-17,0.24121668306532984,1.3877787807814457e-17,0.24121668306532984,7.050406252012698e-07,0.3523255118271553,-0.004525859288559017,0.9988605789967436,0.0002734579151681543,0.13038019320578836,-0.00438079445420992,0.9981495159847827,2.7755575615628914e-17,0.07238668782082586,2.7755575615628914e-17,0.07238668782082586,2.7755575615628914e-17,0.07238668782082586,2.7755575615628914e-17,0.07238668782082586,2.7755575615628914e-17,0.07238668782082586,2.7755575615628914e-17,0.07238668782082586,-0.002671975401087226,0.8537074892302969,0.0013432780637260416,0.04780658704852826,-0.0003768664642706254,0.9275149781338651,-0.0031200016854896484,0.9062291330858327,0.0,0.5,-3.7013523832007955e-07,0.6714198610971454,-0.004807002983523476,0.9951949675411614,0.0,1.0,-8.567446752039132e-11,0.5062362187474999,0.0,1.0,0.0006760588130230866,0.06650375676008201,3.636796712875366
LOCO,0.6,0.7116025324414761,-0.004114109264275488,0.9959552546590866,-0.0001149930700888313,0.9140035281869875,-3.4199541717877535e-06,0.5317807895477633,-0.0026178142072064564,0.9261035485128477,1.3877787807814457e-17,0.2921971947744346,-4.160878556980219e-08,0.8677182060242712,1.141421216432903e-07,0.37312996697408785,1.3877787807814457e-17,0.2921971947744346,1.3877787807814457e-17,0.2921971947744346,1.3877787807814457e-17,0.2921971947744346,1.0566674584766567e-06,0.29671347059358216,-0.004556141595811546,0.9989005270412685,0.0002692092166062393,0.13781871710698163,-0.004355779451993995,0.9979014225776677,1.3877787807814457e-17,0.20195186187893677,1.3877787807814457e-17,0.20195186187893677,1.3877787807814457e-17,0.20195186187893677,1.3877787807814457e-17,0.20195186187893677,1.3877787807814457e-17,0.20195186187893677,1.3877787807814457e-17,0.20195186187893677,-0.002560013050412119,0.8419890589588649,0.0006108466467307921,0.1494018337850666,-0.000391631490779476,0.9155429557002159,-0.0038605337869039996,0.9698237990212973,0.0,0.5,3.0856801974676884e-09,0.4986905763575277,-0.0047917666603516235,0.9947651256945532,0.0,1.0,4.1151687613094623e-10,0.46538328402365703,0.0,1.0,0.0006875516494100342,0.05986602674455324,3.6399574279785156
LOCO,0.9,0.710232783027772,-0.003892662642627026,0.9937118358253566,-0.00012853803797904795,0.9133334037750268,7.882284509957982e-07,0.4934527344024682,-0.0029734490554078064,0.9564348604657799,0.0,0.5,-3.425577667359736e-08,0.8067743441089003,2.6712258641148345e-08,0.4728769216002523,0.0,0.5,0.0,0.5,0.0,0.5,5.737955658530192e-07,0.41233506065697445,-0.004373704770061708,0.9982273897745096,0.00024081707514586603,0.1577050110595407,-0.004153793239824309,0.9965196727384517,0.0,0.5,0.0,0.5,0.0,0.5,0.0,0.5,0.0,0.5,0.0,0.5,-0.0023653533721883363,0.8248017434620927,0.0002089812012050496,0.2811109418134633,-0.0004491136998066303,0.9312906494525557,-0.003875452843627211,0.9826868673474948,0.0,0.5,3.5740798487449155e-08,0.47504622324326606,-0.004661224657447019,0.993955655139482,0.0,1.0,9.052507493612083e-10,0.432063576066532,0.0,1.0,0.0003732320787402932,0.038291785157849784,3.6516506671905518
LOCO_sqrt,0.0,0.7115825930871861,-0.0041099602322146045,0.5428817739400492,-0.0001250841528182972,0.5013588910687885,-5.3247637982895e-06,0.5000579633493899,-0.0034936060282997894,0.5363550636419756,0.0,0.5,-2.671266907672276e-08,0.5000002909106647,1.3714507031414858e-07,0.4999985064512602,0.0,0.5,0.0,0.5,0.0,0.5,1.028283335993696e-06,0.49998880237179166,-0.004470125408882912,0.5466827008552693,0.0003096560459895925,0.4966503357914671,-0.004345444682288806,0.5453588639818825,0.0,0.5,0.0,0.5,0.0,0.5,0.0,0.5,0.0,0.5,0.0,0.5,-0.0026868804435201815,0.5273548998920501,0.0019529635052386723,0.47927669339649565,-0.00035787861964853285,0.503872952403222,-0.002070669635919703,0.5210835399836604,0.0,0.5,-4.7662669658277146e-07,0.5000051904904634,-0.00478166821643046,0.549449332954586,0.0,0.5,-5.343360753862214e-10,0.5000000058191216,0.0,0.5,0.0006829761195962236,0.4926557434764569,3.615990161895752
LOCO_sqrt,0.3,0.7115524486815967,-0.004138539407452693,0.5431674736062855,-0.0001253656297335315,0.5013619750780532,-8.649091551723997e-06,0.5000941108525095,-0.002906892772082406,0.530191777020789,1.3877787807814457e-17,0.49999999999999983,-2.462344222964319e-08,0.5000002681583043,1.033992424737118e-07,0.4999988739533262,1.3877787807814457e-17,0.49999999999999983,1.3877787807814457e-17,0.49999999999999983,1.3877787807814457e-17,0.49999999999999983,7.050406252012698e-07,0.49999232223062323,-0.004525859288559017,0.5472591886261794,0.0002734579151681543,0.49704160447888374,-0.00438079445420992,0.545720137975768,2.7755575615628914e-17,0.4999999999999997,2.7755575615628914e-17,0.4999999999999997,2.7755575615628914e-17,0.4999999999999997,2.7755575615628914e-17,0.4999999999999997,2.7755575615628914e-17,0.4999999999999997,2.7755575615628914e-17,0.4999999999999997,-0.002671975401087226,0.527191781347011,0.0013432780637260416,0.48568921951122007,-0.0003768664642706254,0.5040753815854274,-0.0031200016854896484,0.5318814104753057,0.0,0.5,-3.7013523832007955e-07,0.5000040308210535,-0.004807002983523476,0.5496960228463182,0.0,0.5,-8.567446752039132e-11,0.5000000009330272,0.0,0.5,0.0006760588130230866,0.49272721195413943,3.6420938968658447
LOCO_sqrt,0.6,0.7116025324414761,-0.004114109264275488,0.542898474893857,-0.0001149930700888313,0.5012494443926361,-3.4199541717877535e-06,0.5000372010445461,-0.0026178142072064564,0.5271466493628425,1.3877787807814457e-17,0.49999999999999983,-4.160878556980219e-08,0.5000004531349596,1.141421216432903e-07,0.4999987569610704,1.3877787807814457e-17,0.49999999999999983,1.3877787807814457e-17,0.49999999999999983,1.3877787807814457e-17,0.49999999999999983,1.0566674584766567e-06,0.4999884931132147,-0.004556141595811546,0.5475680530187518,0.0002692092166062393,0.4970878666414183,-0.004355779451993995,0.5454457836821278,1.3877787807814457e-17,0.49999999999999983,1.3877787807814457e-17,0.49999999999999983,1.3877787807814457e-17,0.49999999999999983,1.3877787807814457e-17,0.49999999999999983,1.3877787807814457e-17,0.49999999999999983,1.3877787807814457e-17,0.49999999999999983,-0.002560013050412119,0.5260444524980008,0.0006108466467307921,0.49345302009558994,-0.000391631490779476,0.5042320471937838,-0.0038605337869039996,0.5397430452892752,0.0,0.5,3.0856801974676884e-09,0.4999999663966373,-0.0047917666603516235,0.5495194297575011,0.0,0.5,4.1151687613094623e-10,0.49999999551842605,0.0,0.5,0.0006875516494100342,0.4926019742046865,3.6513490676879883
LOCO_sqrt,0.9,0.710232783027772,-0.003892662642627026,0.5405908930187644,-0.00012853803797904795,0.501396226861227,7.882284509957982e-07,0.499991427133243,-0.0029734490554078064,0.5308842332035282,0.0,0.5,-3.425577667359736e-08,0.5000003730579686,2.6712258641148345e-08,0.4999997090965123,0.0,0.5,0.0,0.5,0.0,0.5,5.737955658530192e-07,0.49999375159092324,-0.004373704770061708,0.5456576587876776,0.00024081707514586603,0.4973944906738572,-0.004153793239824309,0.5433268198393998,0.0,0.5,0.0,0.5,0.0,0.5,0.0,0.5,0.0,0.5,0.0,0.5,-0.0023653533721883363,0.5240789830560688,0.0002089812012050496,0.49774631211276493,-0.0004491136998066303,0.5048508622825455,-0.003875452843627211,0.5401246356752188,0.0,0.5,3.5740798487449155e-08,0.4999996107752463,-0.004661224657447019,0.5481950368643673,0.0,0.5,9.052507493612083e-10,0.49999999014147817,0.0,0.5,0.0003732320787402932,0.49595868238795043,3.6495938301086426
LOCO_n,0.0,0.7115825930871861,-0.0041099602322146045,0.8286664915328341,-0.0001250841528182972,0.5172563736295498,-5.3247637982895e-06,0.5007539891690674,-0.0034936060282997894,0.7836540978507448,0.0,0.5,-2.671266907672276e-08,0.5000038040857522,1.3714507031414858e-07,0.4999804713648725,0.0,0.5,0.0,0.5,0.0,0.5,1.028283335993696e-06,0.4998536929464101,-0.004470125408882912,0.8517231960270208,0.0003096560459895925,0.45954197718707457,-0.004345444682288806,0.8435780263749795,0.0,0.5,0.0,0.5,0.0,0.5,0.0,0.5,0.0,0.5,0.0,0.5,-0.0026868804435201815,0.693126062452698,0.0019529635052386723,0.3011694303117205,-0.00035787861964853285,0.5469743595944377,-0.002070669635919703,0.6511278064369073,0.0,0.5,-4.7662669658277146e-07,0.5000678500593718,-0.00478166821643046,0.8482653413788317,0.0,0.5,-5.343360753862214e-10,0.5000000760948212,0.0,0.5,0.0006829761195962236,0.4171832856712146,3.629420280456543
LOCO_n,0.3,0.7115524486815967,-0.004138539407452693,0.8297798249407974,-0.0001253656297335315,0.5172993911799131,-8.649091551723997e-06,0.5012180036650286,-0.002906892772082406,0.7388848161839672,1.3877787807814457e-17,0.499999999999998,-2.462344222964319e-08,0.5000035065774978,1.033992424737118e-07,0.4999852766406272,1.3877787807814457e-17,0.499999999999998,1.3877787807814457e-17,0.499999999999998,1.3877787807814457e-17,0.499999999999998,7.050406252012698e-07,0.49989966166249805,-0.004525859288559017,0.8545842668865742,0.0002734579151681543,0.4642152625529474,-0.00438079445420992,0.8452510317226918,2.7755575615628914e-17,0.49999999999999606,2.7755575615628914e-17,0.49999999999999606,2.7755575615628914e-17,0.49999999999999606,2.7755575615628914e-17,0.49999999999999606,2.7755575615628914e-17,0.49999999999999606,2.7755575615628914e-17,0.49999999999999606,-0.002671975401087226,0.6915883127805688,0.0013432780637260416,0.35480992103984205,-0.0003768664642706254,0.5490105761920987,-0.0031200016854896484,0.7269529374891699,0.0,0.5,-3.7013523832007955e-07,0.5000526953376876,-0.004807002983523476,0.8489785627786333,0.0,0.5,-8.567446752039132e-11,0.5000000122008922,0.0,0.5,0.0006760588130230866,0.41764145144981035,3.6420435905456543
LOCO_n,0.6,0.7116025324414761,-0.004114109264275488,0.8275991091738357,-0.0001149930700888313,0.515894162033149,-3.4199541717877535e-06,0.5004796927205637,-0.0026178142072064564,0.7149322873191011,1.3877787807814457e-17,0.499999999999998,-4.160878556980219e-08,0.5000059254356355,1.141421216432903e-07,0.49998374704685367,1.3877787807814457e-17,0.499999999999998,1.3877787807814457e-17,0.499999999999998,1.3877787807814457e-17,0.499999999999998,1.0566674584766567e-06,0.4998496260468459,-0.004556141595811546,0.8559275719319894,0.0002692092166062393,0.4648133724147416,-0.004355779451993995,0.8431842633770195,1.3877787807814457e-17,0.499999999999998,1.3877787807814457e-17,0.499999999999998,1.3877787807814457e-17,0.499999999999998,1.3877787807814457e-17,0.499999999999998,1.3877787807814457e-17,0.499999999999998,1.3877787807814457e-17,0.499999999999998,-0.002560013050412119,0.6837101509045989,0.0006108466467307921,0.4284863281074434,-0.000391631490779476,0.5504919212254547,-0.0038605337869039996,0.7866563250098435,0.0,0.5,3.0856801974676884e-09,0.4999995607151569,-0.0047917666603516235,0.8474057493047067,0.0,0.5,4.1151687613094623e-10,0.49999994139590787,0.0,0.5,0.0006875516494100342,0.4160558743498677,3.644652843475342
LOCO_n,0.9,0.710232783027772,-0.003892662642627026,0.8139551681887345,-0.00012853803797904795,0.517702549995945,7.882284509957982e-07,0.49988964026209626,-0.0029734490554078064,0.7437727568922072,0.0,0.5,-3.425577667359736e-08,0.5000048783023447,2.6712258641148345e-08,0.49999619643556686,0.0,0.5,0.0,0.5,0.0,0.5,5.737955658530192e-07,0.49991836115176796,-0.004373704770061708,0.845386616159929,0.00024081707514586603,0.46844313471822047,-0.004153793239824309,0.8307108023725189,0.0,0.5,0.0,0.5,0.0,0.5,0.0,0.5,0.0,0.5,0.0,0.5,-0.0023653533721883363,0.6712688584982042,0.0002089812012050496,0.4736521416531744,-0.0004491136998066303,0.5575272239112927,-0.003875452843627211,0.7984220450921369,0.0,0.5,3.5740798487449155e-08,0.4999949111838528,-0.004661224657447019,0.8414727626990648,0.0,0.5,9.052507493612083e-10,0.4999998710833239,0.0,0.5,0.0003732320787402932,0.4506932885973625,3.648512840270996
LOCO_bt,0.0,0.7115825930871861,-0.0041099602322146045,0.9286648959772729,-0.0001250841528182972,0.5178072873090408,-5.3247637982895e-06,0.5007583000296136,-0.0034936060282997894,0.8935676598969611,0.0,0.5,-2.671266907672276e-08,0.5000038041559339,1.3714507031414858e-07,0.4999804691462568,0.0,0.5,0.0,0.5,0.0,0.5,1.028283335993696e-06,0.4998535619916123,-0.004470125408882912,0.9446188739169917,0.0003096560459895925,0.4559924197779884,-0.004345444682288806,0.9394255952833769,0.0,0.5,0.0,0.5,0.0,0.5,0.0,0.5,0.0,0.5,0.0,0.5,-0.0026868804435201815,0.8306870659231584,0.0019529635052386723,0.24292658182513271,-0.00035787861964853285,0.5508262694549773,-0.002070669635919703,0.7695903007869754,0.0,0.5,-4.7662669658277146e-07,0.5000678764919152,-0.00478166821643046,0.955888232782214,0.0,0.5,-5.343360753862214e-10,0.5000000760948952,0.0,0.5,0.0006829761195962236,0.40369885032199593,3.921112060546875
LOCO_bt,0.3,0.7115524486815967,-0.004138539407452693,0.9300538317354926,-0.0001253656297335315,0.5178473322775757,-8.649091551723997e-06,0.5012317162914942,-0.002906892772082406,0.8500565292886806,1.3877787807814457e-17,0.499999999999998,-2.462344222964319e-08,0.5000035066287687,1.033992424737118e-07,0.49998527489557115,1.3877787807814457e-17,0.499999999999998,1.3877787807814457e-17,0.499999999999998,1.3877787807814457e-17,0.499999999999998,7.050406252012698e-07,0.49989959504089493,-0.004525859288559017,0.9467520182777315,0.0002734579151681543,0.4611193317816668,-0.00438079445420992,0.9408870460773627,2.7755575615628914e-17,0.49999999999999606,2.7755575615628914e-17,0.49999999999999606,2.7755575615628914e-17,0.49999999999999606,2.7755575615628914e-17,0.49999999999999606,2.7755575615628914e-17,0.49999999999999606,2.7755575615628914e-17,0.49999999999999606,-0.002671975401087226,0.8293966260448143,0.0013432780637260416,0.3158310774313935,-0.0003768664642706254,0.5535071541152986,-0.0031200016854896484,0.8668312989996569,0.0,0.5,-3.7013523832007955e-07,0.5000527110246714,-0.004807002983523476,0.9567695166956359,0.0,0.5,-8.567446752039132e-11,0.500000012200916,0.0,0.5,0.0006760588130230866,0.40465603434777125,3.9349727630615234
LOCO_bt,0.6,0.7116025324414761,-0.004114109264275488,0.9288782002182339,-0.0001149930700888313,0.5163715477653971,-3.4199541717877535e-06,0.5004870358147705,-0.0026178142072064564,0.8247116653399225,1.3877787807814457e-17,0.499999999999998,-4.160878556980219e-08,0.5000059255145216,1.141421216432903e-07,0.4999837450002475,1.3877787807814457e-17,0.499999999999998,1.3877787807814457e-17,0.499999999999998,1.3877787807814457e-17,0.499999999999998,1.0566674584766567e-06,0.4998495198039025,-0.004556141595811546,0.9479196962383379,0.0002692092166062393,0.46172185684125117,-0.004355779451993995,0.9398372738713637,1.3877787807814457e-17,0.499999999999998,1.3877787807814457e-17,0.499999999999998,1.3877787807814457e-17,0.499999999999998,1.3877787807814457e-17,0.499999999999998,1.3877787807814457e-17,0.499999999999998,1.3877787807814457e-17,0.499999999999998,-0.002560013050412119,0.8189002126183293,0.0006108466467307921,0.413702043927744,-0.000391631490779476,0.5555893342401966,-0.0038605337869039996,0.9155595751660548,0.0,0.5,3.0856801974676884e-09,0.49999956056773676,-0.0047917666603516235,0.956199311092271,0.0,0.5,4.1151687613094623e-10,0.4999999413958088,0.0,0.5,0.0006875516494100342,0.4030663202785216,3.9502456188201904
LOCO_bt,0.9,0.710232783027772,-0.003892662642627026,0.9175055738886402,-0.00012853803797904795,0.5182986514309946,7.882284509957982e-07,0.4998877483339208,-0.0029734490554078064,0.8554835545445797,0.0,0.5,-3.425577667359736e-08,0.5000048783712226,2.6712258641148345e-08,0.4999961959025164,0.0,0.5,0.0,0.5,0.0,0.5,5.737955658530192e-07,0.49991828567259905,-0.004373704770061708,0.9406099595125741,0.00024081707514586603,0.46574805267071,-0.004153793239824309,0.9307604574095308,0.0,0.5,0.0,0.5,0.0,0.5,0.0,0.5,0.0,0.5,0.0,0.5,-0.0023653533721883363,0.800391537531733,0.0002089812012050496,0.47026786713831087,-0.0004491136998066303,0.5636830111493998,-0.003875452843627211,0.9164800426703579,0.0,0.5,3.5740798487449155e-08,0.49999491014655856,-0.004661224657447019,0.9517627559669546,0.0,0.5,9.052507493612083e-10,0.49999987108308047,0.0,0.5,0.0003732320787402932,0.447005486469558,3.944486141204834
LOCO_sqd,0.0,0.7115825930871861,-0.0041099602322146045,1.0,-0.0001250841528182972,0.9999999999999883,-5.3247637982895e-06,0.6274198710037315,-0.0034936060282997894,1.0,0.0,0.5,-2.671266907672276e-08,0.5006505103763502,1.3714507031414858e-07,0.4966602630350412,0.0,0.5,0.0,0.5,0.0,0.5,1.028283335993696e-06,0.47497554102230954,-0.004470125408882912,1.0,0.0003096560459895925,1.9841008362768893e-79,-0.004345444682288806,1.0,0.0,0.5,0.0,0.5,0.0,0.5,0.0,0.5,0.0,0.5,0.0,0.5,-0.0026868804435201815,1.0,0.0019529635052386723,0.0,-0.00035787861964853285,1.0,-0.002070669635919703,1.0,0.0,0.5,-4.7662669658277146e-07,0.5116052421472905,-0.00478166821643046,1.0,0.0,0.5,-5.343360753862214e-10,0.5000130122270643,0.0,0.5,0.0006829761195962236,0.0,3.922492504119873
LOCO_sqd,0.3,0.7115524486815967,-0.004138539407452693,1.0,-0.0001253656297335315,0.9999999999999899,-8.649091551723997e-06,0.7012242423226905,-0.002906892772082406,1.0,1.3877787807814457e-17,0.49999999999966205,-2.462344222964319e-08,0.5005996332936101,1.033992424737118e-07,0.49748202387659,1.3877787807814457e-17,0.49999999999966205,1.3877787807814457e-17,0.49999999999966205,1.3877787807814457e-17,0.49999999999966205,7.050406252012698e-07,0.48283605435798155,-0.004525859288559017,1.0,0.0002734579151681543,1.8052029470363496e-62,-0.00438079445420992,1.0,2.7755575615628914e-17,0.4999999999993241,2.7755575615628914e-17,0.4999999999993241,2.7755575615628914e-17,0.4999999999993241,2.7755575615628914e-17,0.4999999999993241,2.7755575615628914e-17,0.4999999999993241,2.7755575615628914e-17,0.4999999999993241,-0.002671975401087226,1.0,0.0013432780637260416,0.0,-0.0003768664642706254,1.0,-0.0031200016854896484,1.0,0.0,0.5,-3.7013523832007955e-07,0.5090128181079155,-0.004807002983523476,1.0,0.0,0.5,-8.567446752039132e-11,0.5000020863566518,0.0,0.5,0.0006760588130230866,0.0,3.929348945617676
LOCO_sqd,0.6,0.7116025324414761,-0.004114109264275488,1.0,-0.0001149930700888313,0.9999999999988576,-3.4199541717877535e-06,0.5826707222608402,-0.0026178142072064564,1.0,1.3877787807814457e-17,0.49999999999966205,-4.160878556980219e-08,0.5010132618937226,1.141421216432903e-07,0.4972204175505797,1.3877787807814457e-17,0.49999999999966205,1.3877787807814457e-17,0.49999999999966205,1.3877787807814457e-17,0.49999999999966205,1.0566674584766567e-06,0.4742857246562574,-0.004556141595811546,1.0,0.0002692092166062393,1.4268007799765558e-60,-0.004355779451993995,1.0,1.3877787807814457e-17,0.49999999999966205,1.3877787807814457e-17,0.49999999999966205,1.3877787807814457e-17,0.49999999999966205,1.3877787807814457e-17,0.49999999999966205,1.3877787807814457e-17,0.49999999999966205,1.3877787807814457e-17,0.49999999999966205,-0.002560013050412119,1.0,0.0006108466467307921,4.970300095512905e-291,-0.000391631490779476,1.0,-0.0038605337869039996,1.0,0.0,0.5,3.0856801974676884e-09,0.4999248570871722,-0.0047917666603516235,1.0,0.0,0.5,4.1151687613094623e-10,0.4999899786833043,0.0,0.5,0.0006875516494100342,0.0,3.946359157562256
LOCO_sqd,0.9,0.710232783027772,-0.003892662642627026,1.0,-0.00012853803797904795,0.9999999999999978,7.882284509957982e-07,0.48081447912087727,-0.0029734490554078064,1.0,0.0,0.5,-3.425577667359736e-08,0.5008342008711024,2.6712258641148345e-08,0.49934949962510616,0.0,0.5,0.0,0.5,0.0,0.5,5.737955658530192e-07,0.48602971197401335,-0.004373704770061708,1.0,0.00024081707514586603,7.45191877447552e-49,-0.004153793239824309,1.0,0.0,0.5,0.0,0.5,0.0,0.5,0.0,0.5,0.0,0.5,0.0,0.5,-0.0023653533721883363,1.0,0.0002089812012050496,5.462811960246082e-37,-0.0004491136998066303,1.0,-0.003875452843627211,1.0,0.0,0.5,3.5740798487449155e-08,0.49912963576944447,-0.004661224657447019,1.0,0.0,0.5,9.052507493612083e-10,0.49997795520677063,0.0,0.5,0.0003732320787402932,1.0757964274016658e-114,3.9341797828674316
CPI_ST,0.0,0.7115825930871861,0.0,0.010753271231625158,0.0,0.3798970170609147,0.0,1.0,0.0,0.0010646370104945096,0.0,1.0,0.0,1.0,0.0,1.0,0.0,1.0,0.0,1.0,0.0,1.0,0.0,1.0,0.0,1.0,0.0,0.8894943756801461,0.0,0.5607497646261659,0.0,1.0,0.0,1.0,0.0,1.0,0.0,1.0,0.0,1.0,0.0,1.0,0.0,0.0006260783778861907,0.0,0.2704057889984681,0.0,0.14215682898767304,0.0,0.004561041537716045,0.0,1.0,0.0,1.0,0.0,0.32324167230767203,0.0,1.0,0.0,1.0,0.0,1.0,0.0,0.11050562431985395,3.6711206436157227
CPI_ST,0.3,0.7115524486815967,0.0,0.010753271231625158,0.0,0.3798970170609147,0.0,1.0,0.0,0.0010646370104945096,0.0,1.0,0.0,1.0,0.0,1.0,0.0,1.0,0.0,1.0,0.0,1.0,0.0,1.0,0.0,1.0,0.0,0.8894943756801461,0.0,0.5607497646261659,0.0,1.0,0.0,1.0,0.0,1.0,0.0,1.0,0.0,1.0,0.0,1.0,0.0,0.0006260783778861907,0.0,0.2704057889984681,0.0,0.14215682898767304,0.0,0.004561041537716045,0.0,1.0,0.0,1.0,0.0,0.32324167230767203,0.0,1.0,0.0,1.0,0.0,1.0,0.0,0.11050562431985395,3.6711206436157227
CPI_ST,0.6,0.7116025324414761,0.0,0.010753271231625158,0.0,0.3798970170609147,0.0,1.0,0.0,0.0010646370104945096,0.0,1.0,0.0,1.0,0.0,1.0,0.0,1.0,0.0,1.0,0.0,1.0,0.0,1.0,0.0,1.0,0.0,0.8894943756801461,0.0,0.5607497646261659,0.0,1.0,0.0,1.0,0.0,1.0,0.0,1.0,0.0,1.0,0.0,1.0,0.0,0.0006260783778861907,0.0,0.2704057889984681,0.0,0.14215682898767304,0.0,0.004561041537716045,0.0,1.0,0.0,1.0,0.0,0.32324167230767203,0.0,1.0,0.0,1.0,0.0,1.0,0.0,0.11050562431985395,3.6711206436157227
CPI_ST,0.9,0.710232783027772,0.0,0.010753271231625158,0.0,0.3798970170609147,0.0,1.0,0.0,0.0010646370104945096,0.0,1.0,0.0,1.0,0.0,1.0,0.0,1.0,0.0,1.0,0.0,1.0,0.0,1.0,0.0,1.0,0.0,0.8894943756801461,0.0,0.5607497646261659,0.0,1.0,0.0,1.0,0.0,1.0,0.0,1.0,0.0,1.0,0.0,1.0,0.0,0.0006260783778861907,0.0,0.2704057889984681,0.0,0.14215682898767304,0.0,0.004561041537716045,0.0,1.0,0.0,1.0,0.0,0.32324167230767203,0.0,1.0,0.0,1.0,0.0,1.0,0.0,0.11050562431985395,3.6711206436157227
CPI_wilcox,0.0,0.7115825930871861,0.0,0.0017689296698244438,0.0,0.4417523916195012,0.0,,0.0,0.001117703428648558,0.0,,0.0,,0.0,,0.0,,0.0,,0.0,,0.0,,0.0,,0.0,0.9310671874252159,0.0,0.38709983783595636,0.0,,0.0,,0.0,,0.0,,0.0,,0.0,,0.0,0.00021347802124794122,0.0,0.5770459773174625,0.0,0.15766503852682673,0.0,0.010688556946612561,0.0,,0.0,,0.0,0.544212686902756,0.0,,0.0,,0.0,,0.0,0.09675919099404978,3.7172791957855225
CPI_wilcox,0.3,0.7115524486815967,0.0,0.0017689296698244438,0.0,0.4417523916195012,0.0,,0.0,0.001117703428648558,0.0,,0.0,,0.0,,0.0,,0.0,,0.0,,0.0,,0.0,,0.0,0.9310671874252159,0.0,0.38709983783595636,0.0,,0.0,,0.0,,0.0,,0.0,,0.0,,0.0,0.00021347802124794122,0.0,0.5770459773174625,0.0,0.15766503852682673,0.0,0.010688556946612561,0.0,,0.0,,0.0,0.544212686902756,0.0,,0.0,,0.0,,0.0,0.09675919099404978,3.7172791957855225
CPI_wilcox,0.6,0.7116025324414761,0.0,0.0017689296698244438,0.0,0.4417523916195012,0.0,,0.0,0.001117703428648558,0.0,,0.0,,0.0,,0.0,,0.0,,0.0,,0.0,,0.0,,0.0,0.9310671874252159,0.0,0.38709983783595636,0.0,,0.0,,0.0,,0.0,,0.0,,0.0,,0.0,0.00021347802124794122,0.0,0.5770459773174625,0.0,0.15766503852682673,0.0,0.010688556946612561,0.0,,0.0,,0.0,0.544212686902756,0.0,,0.0,,0.0,,0.0,0.09675919099404978,3.7172791957855225
CPI_wilcox,0.9,0.710232783027772,0.0,0.0017689296698244438,0.0,0.4417523916195012,0.0,,0.0,0.001117703428648558,0.0,,0.0,,0.0,,0.0,,0.0,,0.0,,0.0,,0.0,,0.0,0.9310671874252159,0.0,0.38709983783595636,0.0,,0.0,,0.0,,0.0,,0.0,,0.0,,0.0,0.00021347802124794122,0.0,0.5770459773174625,0.0,0.15766503852682673,0.0,0.010688556946612561,0.0,,0.0,,0.0,0.544212686902756,0.0,,0.0,,0.0,,0.0,0.09675919099404978,3.7172791957855225
LOCO_ST,0.0,0.7115825930871861,0.0,0.9157581412555709,0.0,0.9669285449285941,0.0,0.033071455071405874,0.0,0.6201029829390853,0.0,0.9999999999999943,0.0,0.3798970170609147,0.0,0.9767677870025979,0.0,0.9999999999999943,0.0,0.9999999999999943,0.0,0.9999999999999943,0.0,0.9370456144061782,0.0,0.9954389584622839,0.0,0.32324167230767203,0.0,0.984022985703631,0.0,0.999999999999926,0.0,0.999999999999926,0.0,0.999999999999926,0.0,0.999999999999926,0.0,0.999999999999926,0.0,0.999999999999926,0.0,0.2704057889984681,0.0,0.7295942110015319,0.0,0.3798970170609147,0.0,0.6201029829390853,0.0,1.0,0.0,0.010753271231625158,0.0,0.9892467287683748,0.0,1.0,0.0,0.02323221299740207,0.0,1.0,0.0,0.22226642865008342,3.6471827030181885
LOCO_ST,0.3,0.7115524486815967,0.0,0.9157581412555709,0.0,0.9669285449285941,0.0,0.033071455071405874,0.0,0.6201029829390853,0.0,0.9999999999999943,0.0,0.3798970170609147,0.0,0.9767677870025979,0.0,0.9999999999999943,0.0,0.9999999999999943,0.0,0.9999999999999943,0.0,0.9370456144061782,0.0,0.9954389584622839,0.0,0.32324167230767203,0.0,0.984022985703631,0.0,0.999999999999926,0.0,0.999999999999926,0.0,0.999999999999926,0.0,0.999999999999926,0.0,0.999999999999926,0.0,0.999999999999926,0.0,0.2704057889984681,0.0,0.7295942110015319,0.0,0.3798970170609147,0.0,0.6201029829390853,0.0,1.0,0.0,0.010753271231625158,0.0,0.9892467287683748,0.0,1.0,0.0,0.02323221299740207,0.0,1.0,0.0,0.22226642865008342,3.6471827030181885
LOCO_ST,0.6,0.7116025324414761,0.0,0.9157581412555709,0.0,0.9669285449285941,0.0,0.033071455071405874,0.0,0.6201029829390853,0.0,0.9999999999999943,0.0,0.3798970170609147,0.0,0.9767677870025979,0.0,0.9999999999999943,0.0,0.9999999999999943,0.0,0.9999999999999943,0.0,0.9370456144061782,0.0,0.9954389584622839,0.0,0.32324167230767203,0.0,0.984022985703631,0.0,0.999999999999926,0.0,0.999999999999926,0.0,0.999999999999926,0.0,0.999999999999926,0.0,0.999999999999926,0.0,0.999999999999926,0.0,0.2704057889984681,0.0,0.7295942110015319,0.0,0.3798970170609147,0.0,0.6201029829390853,0.0,1.0,0.0,0.010753271231625158,0.0,0.9892467287683748,0.0,1.0,0.0,0.02323221299740207,0.0,1.0,0.0,0.22226642865008342,3.6471827030181885
LOCO_ST,0.9,0.710232783027772,0.0,0.9157581412555709,0.0,0.9669285449285941,0.0,0.033071455071405874,0.0,0.6201029829390853,0.0,0.9999999999999943,0.0,0.3798970170609147,0.0,0.9767677870025979,0.0,0.9999999999999943,0.0,0.9999999999999943,0.0,0.9999999999999943,0.0,0.9370456144061782,0.0,0.9954389584622839,0.0,0.32324167230767203,0.0,0.984022985703631,0.0,0.999999999999926,0.0,0.999999999999926,0.0,0.999999999999926,0.0,0.999999999999926,0.0,0.999999999999926,0.0,0.999999999999926,0.0,0.2704057889984681,0.0,0.7295942110015319,0.0,0.3798970170609147,0.0,0.6201029829390853,0.0,1.0,0.0,0.010753271231625158,0.0,0.9892467287683748,0.0,1.0,0.0,0.02323221299740207,0.0,1.0,0.0,0.22226642865008342,3.6471827030181885
LOCO_wilcox,0.0,0.7115825930871861,0.0,0.9945354198156361,0.0,0.9729761661987048,0.0,0.06262031150861957,0.0,0.9488074293609691,0.0,0.5738388086359942,0.0,0.4895406304744716,0.0,0.9216006537025903,0.0,0.5738388086359942,0.0,0.5738388086359942,0.0,0.5738388086359942,0.0,0.8672769295153787,0.0,0.9987553591265941,0.0,0.23188939176229262,0.0,0.9972640712299726,0.0,0.5,0.0,0.5,0.0,0.5,0.0,0.5,0.0,0.5,0.0,0.5,0.0,0.8095071948088624,0.0,0.42718509315943565,0.0,0.5497121741465308,0.0,0.9737367573494513,0.0,0.8413447460685429,0.0,0.04315924038567841,0.0,0.9985799698127122,0.0,,0.0,0.054176990017784796,0.0,,0.0,0.0546875190618065,3.661410331726074
LOCO_wilcox,0.3,0.7115524486815967,0.0,0.9945354198156361,0.0,0.9729761661987048,0.0,0.06262031150861957,0.0,0.9488074293609691,0.0,0.5738388086359942,0.0,0.4895406304744716,0.0,0.9216006537025903,0.0,0.5738388086359942,0.0,0.5738388086359942,0.0,0.5738388086359942,0.0,0.8672769295153787,0.0,0.9987553591265941,0.0,0.23188939176229262,0.0,0.9972640712299726,0.0,0.5,0.0,0.5,0.0,0.5,0.0,0.5,0.0,0.5,0.0,0.5,0.0,0.8095071948088624,0.0,0.42718509315943565,0.0,0.5497121741465308,0.0,0.9737367573494513,0.0,0.8413447460685429,0.0,0.04315924038567841,0.0,0.9985799698127122,0.0,,0.0,0.054176990017784796,0.0,,0.0,0.0546875190618065,3.661410331726074
LOCO_wilcox,0.6,0.7116025324414761,0.0,0.9945354198156361,0.0,0.9729761661987048,0.0,0.06262031150861957,0.0,0.9488074293609691,0.0,0.5738388086359942,0.0,0.4895406304744716,0.0,0.9216006537025903,0.0,0.5738388086359942,0.0,0.5738388086359942,0.0,0.5738388086359942,0.0,0.8672769295153787,0.0,0.9987553591265941,0.0,0.23188939176229262,0.0,0.9972640712299726,0.0,0.5,0.0,0.5,0.0,0.5,0.0,0.5,0.0,0.5,0.0,0.5,0.0,0.8095071948088624,0.0,0.42718509315943565,0.0,0.5497121741465308,0.0,0.9737367573494513,0.0,0.8413447460685429,0.0,0.04315924038567841,0.0,0.9985799698127122,0.0,,0.0,0.054176990017784796,0.0,,0.0,0.0546875190618065,3.661410331726074
LOCO_wilcox,0.9,0.710232783027772,0.0,0.9945354198156361,0.0,0.9729761661987048,0.0,0.06262031150861957,0.0,0.9488074293609691,0.0,0.5738388086359942,0.0,0.4895406304744716,0.0,0.9216006537025903,0.0,0.5738388086359942,0.0,0.5738388086359942,0.0,0.5738388086359942,0.0,0.8672769295153787,0.0,0.9987553591265941,0.0,0.23188939176229262,0.0,0.9972640712299726,0.0,0.5,0.0,0.5,0.0,0.5,0.0,0.5,0.0,0.5,0.0,0.5,0.0,0.8095071948088624,0.0,0.42718509315943565,0.0,0.5497121741465308,0.0,0.9737367573494513,0.0,0.8413447460685429,0.0,0.04315924038567841,0.0,0.9985799698127122,0.0,,0.0,0.054176990017784796,0.0,,0.0,0.0546875190618065,3.661410331726074
PFI,0.0,0.7115825930871861,0.3428814029399615,0.0,0.00040064833328556926,0.0,0.0,0.0,0.07295995200885746,0.0,0.0,0.0,0.0,0.0,0.0,0.0,0.0,0.0,0.0,0.0,0.0,0.0,0.0,0.0,0.0,0.0,0.0015222506688084558,0.0,0.0003047850296048482,0.0,0.0,0.0,0.0,0.0,0.0,0.0,0.0,0.0,0.0,0.0,0.0,0.0,1.2369474928652233,0.0,0.021675317555813478,0.0,0.020437709323832154,0.0,0.7173687665779284,0.0,0.0,0.0,0.0,0.0,0.014278587553092636,0.0,0.0,0.0,0.0,0.0,0.0,0.0,0.001771406073775128,0.0,0.2035841941833496
PFI,0.3,0.7115524486815967,0.353768061879975,0.0,0.000392569853902236,0.0,0.0,0.0,0.13383745985000833,0.0,0.0,0.0,0.0,0.0,0.0,0.0,0.0,0.0,0.0,0.0,0.0,0.0,0.0,0.0,0.0,0.0,0.0014288754831119355,0.0,0.00028180488538187554,0.0,0.0,0.0,0.0,0.0,0.0,0.0,0.0,0.0,0.0,0.0,0.0,0.0,1.250227431047025,0.0,0.01735230815942601,0.0,0.027831296207198764,0.0,0.6694636163781447,0.0,0.0,0.0,0.0,0.0,0.014204301596417224,0.0,0.0,0.0,0.0,0.0,0.0,0.0,0.05386057506834435,0.0,0.21213388442993164
PFI,0.6,0.7116025324414761,0.3603502075108056,0.0,0.0003608865874844547,0.0,0.0,0.0,0.22095984454712359,0.0,0.0,0.0,0.0,0.0,0.0,0.0,0.0,0.0,0.0,0.0,0.0,0.0,0.0,0.0,0.0,0.0,0.0014272653307222383,0.0,0.000215282579022813,0.0,0.0,0.0,0.0,0.0,0.0,0.0,0.0,0.0,0.0,0.0,0.0,0.0,1.2617384945444248,0.0,0.012472101457555063,0.0,0.03697602507534664,0.0,0.5995618253490076,0.0,0.0,0.0,0.0,0.0,0.014256168192393726,0.0,0.0,0.0,0.0,0.0,0.0,0.0,0.1964177139436949,0.0,0.20502066612243652
PFI,0.9,0.710232783027772,0.3619280145365152,0.0,0.00038134131859712816,0.0,0.0,0.0,0.25807881955252615,0.0,0.0,0.0,0.0,0.0,0.0,0.0,0.0,0.0,0.0,0.0,0.0,0.0,0.0,0.0,0.0,0.0,0.0012992704680599987,0.0,0.0001740881430711272,0.0,0.0,0.0,0.0,0.0,0.0,0.0,0.0,0.0,0.0,0.0,0.0,0.0,1.2605157056516405,0.0,0.01019751645430017,0.0,0.04376845943762081,0.0,0.5692047199612229,0.0,0.0,0.0,0.0,0.0,0.013850324572555528,0.0,0.0,0.0,0.0,0.0,0.0,0.0,0.2685908196908617,0.0,0.19406557083129883
CFI,0.0,0.7115825930871861,0.0002460280934431999,0.0,-1.6364931330482835e-05,0.0,0.0,0.0,-4.961709745995163e-05,0.0,0.0,0.0,0.0,0.0,0.0,0.0,0.0,0.0,0.0,0.0,0.0,0.0,0.0,0.0,0.0,0.0,-0.00016647390558955505,0.0,6.18856672131296e-05,0.0,0.0,0.0,0.0,0.0,0.0,0.0,0.0,0.0,0.0,0.0,0.0,0.0,0.001780041474198073,0.0,0.0002276648656140065,0.0,-1.643761815355027e-05,0.0,0.001975733226175856,0.0,0.0,0.0,0.0,0.0,0.00022490971436250895,0.0,0.0,0.0,0.0,0.0,0.0,0.0,0.00015929353164270688,0.0,2.1482131481170654
CFI,0.3,0.7115524486815967,0.0001132221361804242,0.0,-5.4974300789392694e-05,0.0,0.0,0.0,-2.8271072985419643e-05,0.0,0.0,0.0,0.0,0.0,0.0,0.0,0.0,0.0,0.0,0.0,0.0,0.0,0.0,0.0,0.0,0.0,-0.00015577953328388405,0.0,0.00014031918997234327,0.0,0.0,0.0,0.0,0.0,0.0,0.0,0.0,0.0,0.0,0.0,0.0,0.0,0.0019471477557097897,0.0,0.0005979574759911802,0.0,0.0001349959912015919,0.0,0.0007115217027224771,0.0,0.0,0.0,0.0,0.0,-9.465726666992025e-05,0.0,0.0,0.0,0.0,0.0,0.0,0.0,0.0004282647197181647,0.0,1.305849313735962
CFI,0.6,0.7116025324414761,7.166893622143067e-05,0.0,-9.675207904949468e-05,0.0,0.0,0.0,0.0004987921368451581,0.0,0.0,0.0,0.0,0.0,0.0,0.0,0.0,0.0,0.0,0.0,0.0,0.0,0.0,0.0,0.0,0.0,-0.00010943193414694047,0.0,1.3310331355396998e-05,0.0,0.0,0.0,0.0,0.0,0.0,0.0,0.0,0.0,0.0,0.0,0.0,0.0,0.0005210259180604346,0.0,0.00029548452451814977,0.0,-0.000144504049108235,0.0,0.00046011473484881826,0.0,0.0,0.0,0.0,0.0,0.00016399088023838493,0.0,0.0,0.0,0.0,0.0,0.0,0.0,0.00028232251819891585,0.0,1.3313024044036865
CFI,0.9,0.710232783027772,0.0001361100825544581,0.0,-2.4221477630113897e-05,0.0,0.0,0.0,0.0002805463035820549,0.0,0.0,0.0,0.0,0.0,0.0,0.0,0.0,0.0,0.0,0.0,0.0,0.0,0.0,0.0,0.0,0.0,-2.2687256771153352e-05,0.0,1.2162002620559609e-05,0.0,0.0,0.0,0.0,0.0,0.0,0.0,0.0,0.0,0.0,0.0,0.0,0.0,0.0012751899983734286,0.0,-0.00012206787989131607,0.0,-3.162486464664688e-05,0.0,-0.0002795512876690512,0.0,0.0,0.0,0.0,0.0,9.687193956689488e-05,0.0,0.0,0.0,0.0,0.0,0.0,0.0,0.00021608195117925333,0.0,1.5456948280334473
scSAGEvf,0.0,0.7115825930871861,0.00047612752260528524,0.0,-0.00011876646275776892,0.0,0.0,0.0,-6.435574722164772e-05,0.0,0.0,0.0,0.0,0.0,0.0,0.0,0.0,0.0,0.0,0.0,0.0,0.0,0.0,0.0,0.0,0.0,-0.0002637753609323473,0.0,0.00012205980399380978,0.0,0.0,0.0,0.0,0.0,0.0,0.0,0.0,0.0,0.0,0.0,0.0,0.0,0.0012554099448601058,0.0,0.0010805352454360678,0.0,-6.688669277998827e-06,0.0,0.0019435142225565918,0.0,0.0,0.0,0.0,0.0,-0.0002618542848723121,0.0,0.0,0.0,0.0,0.0,0.0,0.0,0.0006019381868633961,0.0,1.92806077003479
scSAGEvf,0.3,0.7115524486815967,0.0004582870468111816,0.0,-0.00010074786806911484,0.0,0.0,0.0,5.0949464304075875e-05,0.0,0.0,0.0,0.0,0.0,0.0,0.0,0.0,0.0,0.0,0.0,0.0,0.0,0.0,0.0,0.0,0.0,-0.00027217648205817013,0.0,7.258268186659256e-05,0.0,0.0,0.0,0.0,0.0,0.0,0.0,0.0,0.0,0.0,0.0,0.0,0.0,0.0016310041201779977,0.0,0.000895826865221397,0.0,3.8927547510433924e-05,0.0,0.0011989924382601047,0.0,0.0,0.0,0.0,0.0,-0.0002406896250636975,0.0,0.0,0.0,0.0,0.0,0.0,0.0,0.0006059818951204138,0.0,1.9186439514160156
scSAGEvf,0.6,0.7116025324414761,0.00040292301560303223,0.0,-0.00010987022208827635,0.0,0.0,0.0,0.0004408986902252332,0.0,0.0,0.0,0.0,0.0,0.0,0.0,0.0,0.0,0.0,0.0,0.0,0.0,0.0,0.0,0.0,0.0,-0.00024924791884289865,0.0,0.00010169996057410313,0.0,0.0,0.0,0.0,0.0,0.0,0.0,0.0,0.0,0.0,0.0,0.0,0.0,0.0019092169434905687,0.0,0.0005732349199421977,0.0,4.311369372331231e-05,0.0,0.000651297543569726,0.0,0.0,0.0,0.0,0.0,-0.00017681724889080652,0.0,0.0,0.0,0.0,0.0,0.0,0.0,0.0006397892207625072,0.0,1.872081995010376
scSAGEvf,0.9,0.710232783027772,0.0004302522170293033,0.0,-0.0001253981873337584,0.0,0.0,0.0,0.00041789547736992283,0.0,0.0,0.0,0.0,0.0,0.0,0.0,0.0,0.0,0.0,0.0,0.0,0.0,0.0,0.0,0.0,0.0,-0.00023954461574395014,0.0,7.975702265808349e-05,0.0,0.0,0.0,0.0,0.0,0.0,0.0,0.0,0.0,0.0,0.0,0.0,0.0,0.001941854340218721,0.0,7.264843609293414e-05,0.0,0.00013298812815569494,0.0,-0.0004908512437753754,0.0,0.0,0.0,0.0,0.0,-0.00021893357012567338,0.0,0.0,0.0,0.0,0.0,0.0,0.0,0.0003116225460994132,0.0,1.8991236686706543
