method,corr,imp_V0,pval0,imp_V1,pval1,imp_V2,pval2,imp_V3,pval3,imp_V4,pval4,imp_V5,pval5,imp_V6,pval6,imp_V7,pval7,imp_V8,pval8,imp_V9,pval9,imp_V10,pval10,imp_V11,pval11,imp_V12,pval12,imp_V13,pval13,imp_V14,pval14,imp_V15,pval15,imp_V16,pval16,imp_V17,pval17,imp_V18,pval18,imp_V19,pval19,imp_V20,pval20,imp_V21,pval21,imp_V22,pval22,imp_V23,pval23,imp_V24,pval24,imp_V25,pval25,imp_V26,pval26,imp_V27,pval27,imp_V28,pval28,imp_V29,pval29,imp_V30,pval30,tr_time
LOCO-W,0.0,0.011573977162740346,0.03210475503024868,0.013585643965665868,0.017292051390742413,-0.0006007108405323646,0.5386331918444759,-0.01432189772634368,0.9854329074491865,-0.0064586674208542225,0.8480603631446272,0.007400888482627465,0.12451730198986133,-0.01967418090034669,0.999484463553943,-0.0026254363066997998,0.6574840319305265,8.800056472903373e-05,0.49439349782056385,0.015184654874407304,0.008225533179420319,-0.009766058731718125,0.9228611188992095,-0.005201211443397793,0.7849802658984999,-0.012596164908193725,0.9736885860496135,-0.004220998643886802,0.7475391206299449,-0.00540345719255901,0.803252329572222,0.0066828584037771826,0.1463277259339817,0.0013857522157952418,0.4185783580955491,-0.010294163988952484,0.9399400896344743,0.011493205306698928,0.04273319183912083,-0.004034248742711049,0.7391025527529098,-0.0012281523911007069,0.5781490253893359,-0.005848948778649464,0.8177693452196142,0.003100177637898476,0.3027397552302986,-0.0025932179219762706,0.6567043662859491,-0.002081732088371135,0.6294968252568003,0.012384462836947576,0.023670959754006127,0.013281294797901726,0.023913573412541078,-0.009500290211364035,0.9402397230765448,-0.003986972119176065,0.7258179458951602,0.0017590616341699263,0.39204232730086686,-0.006617986166200505,0.8479584772084929,2.9077000617980957
LOCO-W,0.3,0.0064816072175278485,0.1618251998228757,-0.0017410611930758805,0.6039074451787438,5.396203021522866e-05,0.49670673695167555,-0.0023830398507702884,0.6431457345959677,0.0015476700053203582,0.4077351188888906,-0.0001484446795575618,0.5088963930044008,-0.003833941117265147,0.7129877877078153,-0.007203519409851566,0.8776761260273851,-0.00917036215069878,0.9431906660436098,-0.0058796640290746955,0.817550102425652,-0.004471125577091171,0.7732505947330923,-0.01087183976774419,0.9543550496847808,-0.005300068219036168,0.8029878274301383,-0.005494432347622273,0.8008220928985188,-0.01186550296337776,0.9734951849875877,0.007456937135903634,0.13072300608216458,-0.0021215208043513386,0.6306602137837836,0.007237507177551934,0.1254260111952472,0.018053060151039423,0.001780230586848619,0.008450269960353946,0.09004588569366279,0.00019979307429291105,0.48749484777854224,0.001400952552673223,0.4114548179596298,-0.0033451756174598334,0.7052159630195236,0.00024965840497550727,0.4836103872742785,0.004743689622338752,0.23919921524037857,-0.0033259630191169167,0.698683996213586,0.005302655796465879,0.19464474499638007,-0.0011912734909472885,0.5720322146204884,-0.012909065270437958,0.9784640485219666,0.0005929080715866785,0.4620075206450256,-8.486954876892839e-05,0.5051315186467913,2.9359629154205322
LOCO-W,0.6,0.008260966751045795,0.09627488469494172,0.0028696762974041996,0.3302067363906295,-0.014650677263174377,0.988924652794426,-0.0004040726226982825,0.525862734264487,0.0024129056451708945,0.34968399486894675,-0.0012621789624834001,0.5784766964026703,-0.0035296545650474707,0.7022898049476536,-0.0006623793821264215,0.539806106877549,-0.0013983716242797729,0.5901620901102618,-0.005198341070247808,0.7941930521062379,0.005275646949555713,0.2060229473192564,-0.003413698022047904,0.7055412559880442,-0.0098150055984101,0.9373597152723911,0.0070334088605805405,0.14020598115962524,0.006476858303615631,0.1635207448688314,0.005583993501341019,0.19225657812180197,-0.0038584354878994417,0.724181030069317,0.008482358042288259,0.09000433664344154,-0.003852885821136344,0.7301348364701682,-0.0010263832199234055,0.5600593955757034,0.00898128893932612,0.07491697466323477,0.003760011821055439,0.27357883275954253,-0.0029873534472152075,0.6741354503124762,0.012001633772104494,0.0350969877240096,0.0021996335363497206,0.3673689530647083,-0.002453666074995722,0.6533106144546398,-0.0007529492516930873,0.5484418197224217,0.009823687039522746,0.06394657397314896,-0.0031453585521458473,0.6794499644010313,0.0031986713899897863,0.29541931317040726,-0.012608602390152523,0.9759252075408565,2.9328556060791016
LOCO-W,0.9,-0.00022036303508205546,0.5142874563027429,0.006583231463441517,0.14452248902357812,0.014322060112545738,0.016016223834563692,0.007447060326490241,0.1146516377534108,0.0038481064217051565,0.27435428500014747,-0.004954180632663826,0.7801582765610697,-0.008305119270920884,0.9105005985867375,-0.001309834186174915,0.5833949144771746,0.00038510196782932937,0.4765598301782277,0.005686672149216488,0.1833388040900772,-0.002591405564750052,0.6525064478924951,0.0020059868071406655,0.3753365095919704,-0.000687518815007172,0.545290301655204,-0.01626887679097013,0.996860556979504,-0.0014251991974627886,0.585173260694497,0.009302743159988778,0.06390625500442193,0.00443353004298002,0.24913780719495882,0.012875899520609514,0.02623343253165833,-0.006323836225330447,0.8574417754445296,0.0035742617682593364,0.2919253287661395,-0.004239603449415545,0.7542586661387394,0.003210295921653932,0.3108431758253145,0.0033660016340837746,0.29169213474574884,-0.008751370081083187,0.9103832683638888,-0.0074520386817705725,0.8759572121972117,-0.004087729352485343,0.7294262802667366,0.006531138208934843,0.1561160328211395,-0.00046703646170840414,0.528992918083863,0.0006089753188514721,0.4612899674106361,-0.0013229200238864096,0.5839313471600157,0.007474792941001401,0.10933107096563632,2.910141706466675
CPI,0.0,0.00020547720559876276,0.20575913961509762,0.00018466829853143116,0.13985629433021568,0.0,1.0,0.00010392152999233462,0.3476698018572167,0.0,1.0,0.0,1.0,0.0,1.0,0.0,1.0,0.0,1.0,0.0,1.0,-0.0006581933917113626,0.8894522165762992,2.7685751318548557e-05,0.16836190213111524,0.0,1.0,-0.0001498258625134731,0.7920852250630062,0.0,1.0,0.0,1.0,0.0,1.0,0.0,1.0,0.0,1.0,0.0,1.0,0.005183178188292389,0.00027977651383873217,-0.0002495453089657214,0.7281408706323051,0.0006718167119088951,0.05100395155859397,0.0018533471206070955,0.028995118357382835,0.0,1.0,-3.554740517524094e-05,0.6346909261959417,-0.00019128535835658336,0.5997722206397375,0.001242306593523177,0.07182347416934523,0.0005757935565618953,0.0998286709355996,0.0,1.0,2.910996419608347e-09,0.4936982833814539,14.551123142242432
CPI,0.3,0.00024137291938115812,0.21251515320166975,0.00018411770863465543,0.14571580473309237,1.864492634333359e-06,0.4618610111837118,0.00020386494484838508,0.25248011925929414,0.0,1.0,0.0,1.0,0.0,1.0,0.0,1.0,0.0,1.0,0.0,1.0,-0.0006693827389918465,0.904460849463941,3.529894167240977e-05,0.16541108277917976,-2.226853183354832e-06,0.9329994909056744,-0.00011256669396908503,0.7796540682797906,0.0,1.0,0.0,1.0,0.0,1.0,0.0,1.0,0.0,1.0,0.0,1.0,0.006047941137067782,0.0003142422568048595,-0.00023732270653383652,0.7221494350891712,0.0007020723390522357,0.04695870339610881,0.0016960571741989686,0.03469695948695805,0.0,1.0,-5.200823185210271e-05,0.6650044082433247,-0.00015096969985477562,0.5815958025634416,0.0012009961927623783,0.07803205439567551,0.0005185734372863439,0.1073471050385692,0.0,1.0,5.54984922026755e-06,0.4820289458350143,3.376483201980591
CPI,0.6,0.00017304373633403314,0.23208185057506386,0.00011657892637124967,0.14431718050043835,3.7314289261999867e-06,0.465811735026641,8.141478587982837e-05,0.356748260851397,0.0,1.0,0.0,1.0,0.0,1.0,0.0,1.0,0.0,1.0,0.0,1.0,-0.000677911662976545,0.8816665374739023,0.0,1.0,0.0,1.0,-8.221703680868706e-05,0.7965577547441194,0.0,1.0,0.0,1.0,0.0,1.0,0.0,1.0,0.0,1.0,0.0,1.0,0.005049269951490961,0.00022136706482635268,-0.00027756066206589824,0.7269224054757821,0.0006448292100424864,0.07021757947242853,0.0005996289777872969,0.14200533073681842,0.0,1.0,-4.5324622785229e-05,0.6427895869572917,-0.0001488600732063687,0.5801962641795794,0.0012126052207163777,0.07552575185663234,0.0005712420572037309,0.09957130507250594,0.0,1.0,9.377634407326668e-06,0.47774928879217554,3.364579200744629
CPI,0.9,0.00014802081187851798,0.23404031961374128,9.221719472180326e-05,0.14595772256776102,4.897180512143662e-06,0.4624070757741595,-9.907809554149383e-06,0.540503622833276,0.0,1.0,0.0,1.0,0.0,1.0,0.0,1.0,0.0,1.0,0.0,1.0,-0.0006626694314380566,0.867750862800929,0.0,1.0,0.0,1.0,-6.549221725574497e-05,0.8117772353693302,0.0,1.0,0.0,1.0,0.0,1.0,0.0,1.0,0.0,1.0,0.0,1.0,0.004422649863158348,0.000303873398416271,-0.0002877822236958122,0.7267357415559252,0.0006275026350644787,0.07721576896800829,6.575068764660963e-05,0.39966210978532346,0.0,1.0,-3.559723848322455e-05,0.6282358866156899,-0.00017596649965823455,0.5927312280062713,0.0012382196512121628,0.07160280024364166,0.0006239072419270027,0.09423944027289544,0.0,1.0,9.725295258642547e-06,0.47888405403575385,3.353372097015381
CPI_sqrt,0.0,0.00020547720559876276,0.49781279246830745,0.00018466829853143116,0.4980301197600574,0.0,0.5,0.00010392152999233462,0.4988942475515075,0.0,0.5,0.0,0.5,0.0,0.5,0.0,0.5,0.0,0.5,0.0,0.5,-0.0006581933917113626,0.5069524676359622,2.7685751318548557e-05,0.49970354565719305,0.0,0.5,-0.0001498258625134731,0.5015976457031576,0.0,0.5,0.0,0.5,0.0,0.5,0.0,0.5,0.0,0.5,0.0,0.5,0.005183178188292389,0.4467696226647726,-0.0002495453089657214,0.502644939635056,0.0006718167119088951,0.49287969211227267,0.0018533471206070955,0.4806550956231154,0.0,0.5,-3.554740517524094e-05,0.5003798767365587,-0.00019128535835658336,0.5020089887015686,0.001242306593523177,0.4869866128417409,0.0005757935565618953,0.49390348723407984,0.0,0.5,2.910996419608347e-09,0.4999999688055642,14.66902208328247
CPI_sqrt,0.3,0.00024137291938115812,0.49743428949440555,0.00018411770863465543,0.4980361864186212,1.864492634333359e-06,0.4999800303167793,0.00020386494484838508,0.4978331669002057,0.0,0.5,0.0,0.5,0.0,0.5,0.0,0.5,0.0,0.5,0.0,0.5,-0.0006693827389918465,0.5070755016193328,3.529894167240977e-05,0.4996221007847455,-2.226853183354832e-06,0.5000238622759271,-0.00011256669396908503,0.5012015643899805,0.0,0.5,0.0,0.5,0.0,0.5,0.0,0.5,0.0,0.5,0.0,0.5,0.006047941137067782,0.43837646374352884,-0.00023732270653383652,0.5025159427532653,0.0007020723390522357,0.4925606976358054,0.0016960571741989686,0.48227552248107664,0.0,0.5,-5.200823185210271e-05,0.5005555053108451,-0.00015096969985477562,0.5015865692594255,0.0012009961927623783,0.4874182676388586,0.0005185734372863439,0.4945047729082517,0.0,0.5,5.54984922026755e-06,0.4999407232460162,3.3794939517974854
CPI_sqrt,0.6,0.00017304373633403314,0.4981573496191666,0.00011657892637124967,0.4987544039969966,3.7314289261999867e-06,0.49996006021184447,8.141478587982837e-05,0.4991327157127478,0.0,0.5,0.0,0.5,0.0,0.5,0.0,0.5,0.0,0.5,0.0,0.5,-0.000677911662976545,0.5071541062262728,0.0,0.5,0.0,0.5,-8.221703680868706e-05,0.5008787072308593,0.0,0.5,0.0,0.5,0.0,0.5,0.0,0.5,0.0,0.5,0.0,0.5,0.005049269951490961,0.4480503652153099,-0.00027756066206589824,0.5029380519381701,0.0006448292100424864,0.4931705134996955,0.0005996289777872969,0.49366974263385743,0.0,0.5,-4.5324622785229e-05,0.5004840933888508,-0.0001488600732063687,0.5015642938925354,0.0012126052207163777,0.4872959671345585,0.0005712420572037309,0.49395102332618124,0.0,0.5,9.377634407326668e-06,0.499899959716764,3.3998985290527344
CPI_sqrt,0.9,0.00014802081187851798,0.49842243960162247,9.221719472180326e-05,0.499014107545517,4.897180512143662e-06,0.49994759426921986,-9.907809554149383e-06,0.500105896175255,0.0,0.5,0.0,0.5,0.0,0.5,0.0,0.5,0.0,0.5,0.0,0.5,-0.0006626694314380566,0.5069893842509383,0.0,0.5,0.0,0.5,-6.549221725574497e-05,0.5007004290128212,0.0,0.5,0.0,0.5,0.0,0.5,0.0,0.5,0.0,0.5,0.0,0.5,0.004422649863158348,0.4542941647209591,-0.0002877822236958122,0.5030448436454695,0.0006275026350644787,0.4933545742531749,6.575068764660963e-05,0.49930026925643833,0.0,0.5,-3.559723848322455e-05,0.5003803526902088,-0.00017596649965823455,0.5018484259490416,0.0012382196512121628,0.4870281396661463,0.0006239072419270027,0.4933985654378204,0.0,0.5,9.725295258642547e-06,0.49989629415868464,3.365203380584717
CPI_n,0.0,0.00020547720559876276,0.4735517575107566,0.00018466829853143116,0.4756023466725207,0.0,0.5,0.00010392152999233462,0.48668146329589795,0.0,0.5,0.0,0.5,0.0,0.5,0.0,0.5,0.0,0.5,0.0,0.5,-0.0006581933917113626,0.5770899583786968,2.7685751318548557e-05,0.4961592947547672,0.0,0.5,-0.0001498258625134731,0.5197118390951102,0.0,0.5,0.0,0.5,0.0,0.5,0.0,0.5,0.0,0.5,0.0,0.5,0.005183178188292389,0.11667168442261089,-0.0002495453089657214,0.5305279996202875,0.0006718167119088951,0.41830941069584693,0.0018533471206070955,0.3139821825839303,0.0,0.5,-3.554740517524094e-05,0.5048068666651043,-0.00019128535835658336,0.521165975471056,0.001242306593523177,0.3684047337111481,0.0005757935565618953,0.43065700076984026,0.0,0.5,2.910996419608347e-09,0.49999959210420336,14.70014500617981
CPI_n,0.3,0.00024137291938115812,0.46945548326194575,0.00018411770863465543,0.4757046281466994,1.864492634333359e-06,0.4997405009358589,0.00020386494484838508,0.4742208711311249,0.0,0.5,0.0,0.5,0.0,0.5,0.0,0.5,0.0,0.5,0.0,0.5,-0.0006693827389918465,0.5789803385072062,3.529894167240977e-05,0.49511590412278467,-2.226853183354832e-06,0.5003118893706439,-0.00011256669396908503,0.5150011266940419,0.0,0.5,0.0,0.5,0.0,0.5,0.0,0.5,0.0,0.5,0.0,0.5,0.006047941137067782,0.09505371725910317,-0.00023732270653383652,0.5291087403250433,0.0007020723390522357,0.41489874300967955,0.0016960571741989686,0.32686726845207925,0.0,0.5,-5.200823185210271e-05,0.5069880587637017,-0.00015096969985477562,0.516819206983474,0.0012009961927623783,0.3725321734347744,0.0005185734372863439,0.43689955389552676,0.0,0.5,5.54984922026755e-06,0.4992545412150877,3.3993382453918457
CPI_n,0.6,0.00017304373633403314,0.47762202532131737,0.00011657892637124967,0.48427470248100535,3.7314289261999867e-06,0.4994849768743729,8.141478587982837e-05,0.4894168606152433,0.0,0.5,0.0,0.5,0.0,0.5,0.0,0.5,0.0,0.5,0.0,0.5,-0.000677911662976545,0.5785683200534275,0.0,0.5,0.0,0.5,-8.221703680868706e-05,0.5111320791787503,0.0,0.5,0.0,0.5,0.0,0.5,0.0,0.5,0.0,0.5,0.0,0.5,0.005049269951490961,0.1192795589154545,-0.00027756066206589824,0.5334463869385808,0.0006448292100424864,0.42217399931884625,0.0005996289777872969,0.4301393525584406,0.0,0.5,-4.5324622785229e-05,0.5060863554087957,-0.0001488600732063687,0.5165725236304022,0.0012126052207163777,0.3712704692542491,0.0005712420572037309,0.4311156700732013,0.0,0.5,9.377634407326668e-06,0.49875914586605,3.4142110347747803
CPI_n,0.9,0.00014802081187851798,0.48065213647248634,9.221719472180326e-05,0.4874648572963509,4.897180512143662e-06,0.4993260360360777,-9.907809554149383e-06,0.5013424553695067,0.0,0.5,0.0,0.5,0.0,0.5,0.0,0.5,0.0,0.5,0.0,0.5,-0.0006626694314380566,0.5763606436923141,0.0,0.5,0.0,0.5,-6.549221725574497e-05,0.5089441180087975,0.0,0.5,0.0,0.5,0.0,0.5,0.0,0.5,0.0,0.5,0.0,0.5,0.004422649863158348,0.14252520197910218,-0.0002877822236958122,0.5344942054317984,0.0006275026350644787,0.4243130076121303,6.575068764660963e-05,0.49155422572165725,0.0,0.5,-3.559723848322455e-05,0.5048045600176471,-0.00017596649965823455,0.5195082883238212,0.0012382196512121628,0.3686941366607719,0.0006239072419270027,0.42549777729382365,0.0,0.5,9.725295258642547e-06,0.49871976971030296,3.3823864459991455
CPI_bt,0.0,0.00020547720559876276,0.47123190808337007,0.00018466829853143116,0.47414056859643267,0.0,0.5,0.00010392152999233462,0.48544085975298157,0.0,0.5,0.0,0.5,0.0,0.5,0.0,0.5,0.0,0.5,0.0,0.5,-0.0006581933917113626,0.5914108040852852,2.7685751318548557e-05,0.4961204173375869,0.0,0.5,-0.0001498258625134731,0.520985374967711,0.0,0.5,0.0,0.5,0.0,0.5,0.0,0.5,0.0,0.5,0.0,0.5,0.005183178188292389,0.034427390453006114,-0.0002495453089657214,0.5349225852946563,0.0006718167119088951,0.40672937695301786,0.0018533471206070955,0.2575877032885859,0.0,0.5,-3.554740517524094e-05,0.5049811638360511,-0.00019128535835658336,0.5267791567604426,0.001242306593523177,0.3313261719018526,0.0005757935565618953,0.4198657697068468,0.0,0.5,2.910996419608347e-09,0.4999995920778006,14.990340232849121
CPI_bt,0.3,0.00024137291938115812,0.4662177176863011,0.00018411770863465543,0.47421759902308974,1.864492634333359e-06,0.49973872596914853,0.00020386494484838508,0.47145735162218705,0.0,0.5,0.0,0.5,0.0,0.5,0.0,0.5,0.0,0.5,0.0,0.5,-0.0006693827389918465,0.5929356242107505,3.529894167240977e-05,0.4950536369133175,-2.226853183354832e-06,0.5003120521718453,-0.00011256669396908503,0.5157698899543454,0.0,0.5,0.0,0.5,0.0,0.5,0.0,0.5,0.0,0.5,0.0,0.5,0.006047941137067782,0.01690150989612651,-0.00023732270653383652,0.5332163012336475,0.0007020723390522357,0.4026110116960703,0.0016960571741989686,0.2757335718816344,0.0,0.5,-5.200823185210271e-05,0.5072875427970459,-0.00015096969985477562,0.5211416137544407,0.0012009961927623783,0.3366029662827409,0.0005185734372863439,0.4277351177391092,0.0,0.5,5.54984922026755e-06,0.4992222968252578,3.660595178604126
CPI_bt,0.6,0.00017304373633403314,0.4757665316926192,0.00011657892637124967,0.483668255960673,3.7314289261999867e-06,0.49947710989316224,8.141478587982837e-05,0.4885929968588244,0.0,0.5,0.0,0.5,0.0,0.5,0.0,0.5,0.0,0.5,0.0,0.5,-0.000677911662976545,0.5940967249170153,0.0,0.5,0.0,0.5,-8.221703680868706e-05,0.5115195540130262,0.0,0.5,0.0,0.5,0.0,0.5,0.0,0.5,0.0,0.5,0.0,0.5,0.005049269951490961,0.03818289150949334,-0.00027756066206589824,0.5388308922248554,0.0006448292100424864,0.41041204667557574,0.0005996289777872969,0.4165987743082294,0.0,0.5,-4.5324622785229e-05,0.5063511078855719,-0.0001488600732063687,0.5208466710941638,0.0012126052207163777,0.33511538193944906,0.0005712420572037309,0.4204910247396331,0.0,0.5,9.377634407326668e-06,0.49868591529667816,3.6594581604003906
CPI_bt,0.9,0.00014802081187851798,0.4792672835209469,9.221719472180326e-05,0.4870797597929694,4.897180512143662e-06,0.4993137518882741,-9.907809554149383e-06,0.501388389350865,0.0,0.5,0.0,0.5,0.0,0.5,0.0,0.5,0.0,0.5,0.0,0.5,-0.0006626694314380566,0.5920192179728889,0.0,0.5,0.0,0.5,-6.549221725574497e-05,0.5091766858026658,0.0,0.5,0.0,0.5,0.0,0.5,0.0,0.5,0.0,0.5,0.0,0.5,0.004422649863158348,0.060266566061235594,-0.0002877822236958122,0.540255180812862,0.0006275026350644787,0.41277936991047237,6.575068764660963e-05,0.49078729642764535,0.0,0.5,-3.559723848322455e-05,0.5049881425665309,-0.00017596649965823455,0.5246368839177961,0.0012382196512121628,0.331841515499117,0.0006239072419270027,0.4132721546960094,0.0,0.5,9.725295258642547e-06,0.4986372011711214,3.6392617225646973
CPI_sqd,0.0,0.00020547720559876276,4.3563682357669666e-35,0.00018466829853143116,8.322077947070197e-29,0.0,0.5,0.00010392152999233462,2.564595183183652e-10,0.0,0.5,0.0,0.5,0.0,0.5,0.0,0.5,0.0,0.5,0.0,0.5,-0.0006581933917113626,1.0,2.7685751318548557e-05,0.04817023109783211,0.0,0.5,-0.0001498258625134731,1.0,0.0,0.5,0.0,0.5,0.0,0.5,0.0,0.5,0.0,0.5,0.0,0.5,0.005183178188292389,0.0,-0.0002495453089657214,1.0,0.0006718167119088951,0.0,0.0018533471206070955,0.0,0.0,0.5,-3.554740517524094e-05,0.9835743880723554,-0.00019128535835658336,1.0,0.001242306593523177,0.0,0.0005757935565618953,2.639960309913978e-256,0.0,0.5,2.910996419608347e-09,0.49993024530439106,14.975204467773438
CPI_sqd,0.3,0.00024137291938115812,1.8804977611248978e-47,0.00018411770863465543,1.2286680634625666e-28,1.864492634333359e-06,0.45541640277833995,0.00020386494484838508,1.9786202657154568e-34,0.0,0.5,0.0,0.5,0.0,0.5,0.0,0.5,0.0,0.5,0.0,0.5,-0.0006693827389918465,1.0,3.529894167240977e-05,0.017001406929791685,-2.226853183354832e-06,0.5532022352839078,-0.00011256669396908503,0.9999999999926656,0.0,0.5,0.0,0.5,0.0,0.5,0.0,0.5,0.0,0.5,0.0,0.5,0.006047941137067782,0.0,-0.00023732270653383652,1.0,0.0007020723390522357,0.0,0.0016960571741989686,0.0,0.0,0.5,-5.200823185210271e-05,0.999100210615569,-0.00015096969985477562,1.0,0.0012009961927623783,0.0,0.0005185734372863439,5.726759742286041e-209,0.0,0.5,5.54984922026755e-06,0.36952640067892706,3.6439499855041504
CPI_sqd,0.6,0.00017304373633403314,1.9676318879136293e-25,0.00011657892637124967,1.3062858750043176e-12,3.7314289261999867e-06,0.4113395802380225,8.141478587982837e-05,5.331456491794877e-07,0.0,0.5,0.0,0.5,0.0,0.5,0.0,0.5,0.0,0.5,0.0,0.5,-0.000677911662976545,1.0,0.0,0.5,0.0,0.5,-8.221703680868706e-05,0.9999996009589446,0.0,0.5,0.0,0.5,0.0,0.5,0.0,0.5,0.0,0.5,0.0,0.5,0.005049269951490961,0.0,-0.00027756066206589824,1.0,0.0006448292100424864,0.0,0.0005996289777872969,2.4705144949574085e-274,0.0,0.5,-4.5324622785229e-05,0.9967374446839536,-0.0001488600732063687,1.0,0.0012126052207163777,0.0,0.0005712420572037309,2.0415652595232547e-251,0.0,0.5,9.377634407326668e-06,0.2869727245113267,3.6507346630096436
CPI_sqd,0.9,0.00014802081187851798,3.5844559595909865e-19,9.221719472180326e-05,1.5417045051895892e-08,4.897180512143662e-06,0.38434203716374415,-9.907809554149383e-06,0.7239995826104147,0.0,0.5,0.0,0.5,0.0,0.5,0.0,0.5,0.0,0.5,0.0,0.5,-0.0006626694314380566,1.0,0.0,0.5,0.0,0.5,-6.549221725574497e-05,0.9999579718291077,0.0,0.5,0.0,0.5,0.0,0.5,0.0,0.5,0.0,0.5,0.0,0.5,0.004422649863158348,0.0,-0.0002877822236958122,1.0,0.0006275026350644787,1.0076448610110747e-303,6.575068764660963e-05,4.18262863215955e-05,0.0,0.5,-3.559723848322455e-05,0.9836887559139227,-0.00017596649965823455,1.0,0.0012382196512121628,0.0,0.0006239072419270027,2.6169239439885097e-299,0.0,0.5,9.725295258642547e-06,0.2799767721897098,3.6698310375213623
S-CPI,0.0,0.0004417448387415953,0.07870359601036786,-5.360277517340887e-05,0.5882436471386001,-6.308085367188389e-18,0.9789072663307689,0.0004017240354360945,0.1380503682319278,-6.308085367188389e-18,0.9789072663307689,-6.308085367188389e-18,0.9789072663307689,-6.308085367188389e-18,0.9789072663307689,-6.308085367188389e-18,0.9789072663307689,-6.308085367188389e-18,0.9789072663307689,-6.308085367188389e-18,0.9789072663307689,-0.00018223768028560234,0.6071225302550993,-8.536169772793953e-06,0.5950675457668968,-6.308085367188389e-18,0.9789072663307689,-0.0002695914079824681,0.839112447023444,-6.308085367188389e-18,0.9789072663307689,-6.308085367188389e-18,0.9789072663307689,-6.308085367188389e-18,0.9789072663307689,-6.308085367188389e-18,0.9789072663307689,-6.308085367188389e-18,0.9789072663307689,-6.308085367188389e-18,0.9789072663307689,0.004161644513195661,0.009130722680798625,0.00045043820974017596,0.22201879789799528,0.00014787832640527555,0.3798742893647734,0.0028666206237165206,0.025650319546961953,-6.308085367188389e-18,0.9789072663307689,-0.00021608261881591519,0.8826309474362195,-0.00036904128434302186,0.6235655728222887,0.0015852139820944319,0.10257670403120883,0.0007116748305567199,0.1271396696531884,-6.308085367188389e-18,0.9789072663307689,1.5194387637605036e-07,0.29466811676588134,14.49115777015686
S-CPI,0.3,0.0004972287716862513,0.09531802941920392,-6.261963981851874e-05,0.6004863947321585,6.762956201892721e-06,0.396409668963506,0.0006175605864876002,0.08107594078960362,0.0,0.5,0.0,0.5,0.0,0.5,0.0,0.5,0.0,0.5,0.0,0.5,-0.0002566990581124508,0.6558599761551165,-8.935465166039844e-06,0.5796818738696305,-7.306680694639396e-07,0.6662123803067463,-0.00020798770778603724,0.8290931267453832,0.0,0.5,0.0,0.5,0.0,0.5,0.0,0.5,0.0,0.5,0.0,0.5,0.004142097417352464,0.020843552082942144,0.0004576587053683013,0.21358932795295021,0.00019521447973276778,0.3477542050664997,0.0026425136609745355,0.03131298109357945,0.0,0.5,-0.00029224663142282924,0.9124771530036556,-0.00030306162423365937,0.6054648675890684,0.0014835938637915032,0.11630731152118268,0.0006458660442669714,0.13258508596609964,0.0,0.5,8.315953106232727e-05,0.32928985025898666,3.406107187271118
S-CPI,0.6,0.00036705868985044155,0.11049634155496585,-3.346169500553775e-05,0.5853891726949509,1.1724706459200055e-05,0.41861306999708275,0.0003060094627113589,0.17228083893056573,0.0,0.5,0.0,0.5,0.0,0.5,0.0,0.5,0.0,0.5,0.0,0.5,-0.00018845568167155026,0.603278876259848,0.0,0.5,0.0,0.5,-0.00012884213921170805,0.8130623752671309,0.0,0.5,0.0,0.5,0.0,0.5,0.0,0.5,0.0,0.5,0.0,0.5,0.0038911704326993948,0.012662741568317898,0.0005065043307165991,0.22155996281122636,9.530160490138873e-05,0.42928233952123435,0.0010352615309847922,0.09779756035650078,0.0,0.5,-0.0002847857116586116,0.9035244242582307,-0.0002787960901879648,0.5969988358571615,0.0014680395945076406,0.11858078485578832,0.0007150565783120376,0.1231616316586705,0.0,0.5,6.0731286198815384e-05,0.4071115150699125,3.4384984970092773
S-CPI,0.9,0.0003231262411226149,0.10584339709219653,-2.403546354031399e-05,0.5770754037080214,1.5010688343495485e-05,0.41223026859849005,6.275108480260158e-05,0.32663196674256145,-1.2616170734376778e-17,0.9999987507885004,-1.2616170734376778e-17,0.9999987507885004,-1.2616170734376778e-17,0.9999987507885004,-1.2616170734376778e-17,0.9999987507885004,-1.2616170734376778e-17,0.9999987507885004,-1.2616170734376778e-17,0.9999987507885004,-0.00011178976646972205,0.5596267382249375,-1.2616170734376778e-17,0.9999987507885004,-1.2616170734376778e-17,0.9999987507885004,-9.262318636559468e-05,0.8066424563877519,-1.2616170734376778e-17,0.9999987507885004,-1.2616170734376778e-17,0.9999987507885004,-1.2616170734376778e-17,0.9999987507885004,-1.2616170734376778e-17,0.9999987507885004,-1.2616170734376778e-17,0.9999987507885004,-1.2616170734376778e-17,0.9999987507885004,0.0038172569930026673,0.008233014936818203,0.000516576764647798,0.2259492681064389,4.2614764411110326e-05,0.46823951533941016,0.00022787477581142685,0.28439940381954876,-1.2616170734376778e-17,0.9999987507885004,-0.00023426106133597494,0.8885520407489121,-0.0003172125782572891,0.6078454764492405,0.0015380393932455092,0.10796701108402845,0.0007759692108811031,0.11940341262631982,-1.2616170734376778e-17,0.9999987507885004,-0.00016334014942208247,0.725470126471526,3.3743410110473633
S-CPI_sqrt,0.0,0.0004417448387415953,0.4953057153363419,-5.360277517340887e-05,0.5005707290988027,-6.308085367188389e-18,0.5000000000000001,0.0004017240354360945,0.4957373917704605,-6.308085367188389e-18,0.5000000000000001,-6.308085367188389e-18,0.5000000000000001,-6.308085367188389e-18,0.5000000000000001,-6.308085367188389e-18,0.5000000000000001,-6.308085367188389e-18,0.5000000000000001,-6.308085367188389e-18,0.5000000000000001,-0.00018223768028560234,0.5019183276943163,-8.536169772793953e-06,0.5000913875358644,-6.308085367188389e-18,0.5000000000000001,-0.0002695914079824681,0.5028679880279657,-6.308085367188389e-18,0.5000000000000001,-6.308085367188389e-18,0.5000000000000001,-6.308085367188389e-18,0.5000000000000001,-6.308085367188389e-18,0.5000000000000001,-6.308085367188389e-18,0.5000000000000001,-6.308085367188389e-18,0.5000000000000001,0.004161644513195661,0.4575006939121159,0.00045043820974017596,0.49524827915980263,0.00014787832640527555,0.4984356416082972,0.0028666206237165206,0.4704754984077318,-6.308085367188389e-18,0.5000000000000001,-0.00021608261881591519,0.5023042987147576,-0.00036904128434302186,0.503833923877034,0.0015852139820944319,0.4835696429904423,0.0007116748305567199,0.49249982338073994,-6.308085367188389e-18,0.5000000000000001,1.5194387637605036e-07,0.4999983717633266,14.495420932769775
S-CPI_sqrt,0.3,0.0004972287716862513,0.4947256203396145,-6.261963981851874e-05,0.5006666352322507,6.762956201892721e-06,0.49992757743338323,0.0006175605864876002,0.4934600517893714,0.0,0.5,0.0,0.5,0.0,0.5,0.0,0.5,0.0,0.5,0.0,0.5,-0.0002566990581124508,0.5027043178768961,-8.935465166039844e-06,0.5000956393663804,-7.306680694639396e-07,0.5000078295697358,-0.00020798770778603724,0.5022157873084944,0.0,0.5,0.0,0.5,0.0,0.5,0.0,0.5,0.0,0.5,0.0,0.5,0.004142097417352464,0.4579900124798625,0.0004576587053683013,0.49517056401608256,0.00019521447973276778,0.49793572379668444,0.0026425136609745355,0.4727436831445468,0.0,0.5,-0.00029224663142282924,0.5031136949868312,-0.00030306162423365937,0.5031517041970535,0.0014835938637915032,0.4846190767501883,0.0006458660442669714,0.4931852626068729,0.0,0.5,8.315953106232727e-05,0.49911333541153236,3.415616512298584
S-CPI_sqrt,0.6,0.00036705868985044155,0.4960980514466058,-3.346169500553775e-05,0.5003570915219314,1.1724706459200055e-05,0.49987454894226296,0.0003060094627113589,0.4967490734147783,0.0,0.5,0.0,0.5,0.0,0.5,0.0,0.5,0.0,0.5,0.0,0.5,-0.00018845568167155026,0.5019812033554786,0.0,0.5,0.0,0.5,-0.00012884213921170805,0.5013753325071306,0.0,0.5,0.0,0.5,0.0,0.5,0.0,0.5,0.0,0.5,0.0,0.5,0.0038911704326993948,0.460229672437546,0.0005065043307165991,0.4946670068304893,9.530160490138873e-05,0.498993200569137,0.0010352615309847922,0.48914071526151626,0.0,0.5,-0.0002847857116586116,0.5030339418609925,-0.0002787960901879648,0.5028991797434618,0.0014680395945076406,0.48477984913401867,0.0007150565783120376,0.4924626987615381,0.0,0.5,6.0731286198815384e-05,0.49935368341813635,3.4106228351593018
S-CPI_sqrt,0.9,0.0003231262411226149,0.49656128056193694,-2.403546354031399e-05,0.5002567144187208,1.5010688343495485e-05,0.499839435522391,6.275108480260158e-05,0.49933006576888234,-1.2616170734376778e-17,0.5000000000000001,-1.2616170734376778e-17,0.5000000000000001,-1.2616170734376778e-17,0.5000000000000001,-1.2616170734376778e-17,0.5000000000000001,-1.2616170734376778e-17,0.5000000000000001,-1.2616170734376778e-17,0.5000000000000001,-0.00011178976646972205,0.50117444357499,-1.2616170734376778e-17,0.5000000000000001,-1.2616170734376778e-17,0.5000000000000001,-9.262318636559468e-05,0.5009897155077632,-1.2616170734376778e-17,0.5000000000000001,-1.2616170734376778e-17,0.5000000000000001,-1.2616170734376778e-17,0.5000000000000001,-1.2616170734376778e-17,0.5000000000000001,-1.2616170734376778e-17,0.5000000000000001,-1.2616170734376778e-17,0.5000000000000001,0.0038172569930026673,0.4608340516851921,0.000516576764647798,0.4945647301206818,4.2614764411110326e-05,0.49954980140947075,0.00022787477581142685,0.49758403352929104,-1.2616170734376778e-17,0.5000000000000001,-0.00023426106133597494,0.5024974600061836,-0.0003172125782572891,0.5032966231601559,0.0015380393932455092,0.4840549347951341,0.0007759692108811031,0.4918297687174498,-1.2616170734376778e-17,0.5000000000000001,-0.00016334014942208247,0.50173764307003,3.367527484893799
S-CPI_n,0.0,0.0004417448387415953,0.44440065091782555,-5.360277517340887e-05,0.5069263298243838,-6.308085367188389e-18,0.5000000000000009,0.0004017240354360945,0.4502921454372734,-6.308085367188389e-18,0.5000000000000009,-6.308085367188389e-18,0.5000000000000009,-6.308085367188389e-18,0.5000000000000009,-6.308085367188389e-18,0.5000000000000009,-6.308085367188389e-18,0.5000000000000009,-6.308085367188389e-18,0.5000000000000009,-0.00018223768028560234,0.5206604905442717,-8.536169772793953e-06,0.5011814607230216,-6.308085367188389e-18,0.5000000000000009,-0.0002695914079824681,0.5344397207532867,-6.308085367188389e-18,0.5000000000000009,-6.308085367188389e-18,0.5000000000000009,-6.308085367188389e-18,0.5000000000000009,-6.308085367188389e-18,0.5000000000000009,-6.308085367188389e-18,0.5000000000000009,-6.308085367188389e-18,0.5000000000000009,0.004161644513195661,0.18333734760966008,0.00045043820974017596,0.4478418111263917,0.00014787832640527555,0.4822921571002114,0.0028666206237165206,0.253372895542707,-6.308085367188389e-18,0.5000000000000009,-0.00021608261881591519,0.5284378020929008,-0.00036904128434302186,0.5365811308487275,0.0015852139820944319,0.3494446773671478,0.0007116748305567199,0.41877676029536537,-6.308085367188389e-18,0.5000000000000009,1.5194387637605036e-07,0.499978709986681,14.47199535369873
S-CPI_n,0.3,0.0004972287716862513,0.4387690653165022,-6.261963981851874e-05,0.5080766361708459,6.762956201892721e-06,0.4990607925232937,0.0006175605864876002,0.42552356493887844,0.0,0.5,0.0,0.5,0.0,0.5,0.0,0.5,0.0,0.5,0.0,0.5,-0.0002566990581124508,0.5293440705670912,-8.935465166039844e-06,0.5012328936385186,-7.306680694639396e-07,0.5001023284368898,-0.00020798770778603724,0.5270447598652567,0.0,0.5,0.0,0.5,0.0,0.5,0.0,0.5,0.0,0.5,0.0,0.5,0.004142097417352464,0.19803349077668148,0.0004576587053683013,0.4468239606677421,0.00019521447973276778,0.4767356675263053,0.0026425136609745355,0.2678250453740953,0.0,0.5,-0.00029224663142282924,0.538013481307548,-0.00030306162423365937,0.5303502704493778,0.0014835938637915032,0.3583947188862493,0.0006458660442669714,0.42524686484832297,0.0,0.5,8.315953106232727e-05,0.4890706800399921,3.3901236057281494
S-CPI_n,0.6,0.00036705868985044155,0.45357103175054597,-3.346169500553775e-05,0.5044466382546872,1.1724706459200055e-05,0.49838929303167406,0.0003060094627113589,0.4615567348744282,0.0,0.5,0.0,0.5,0.0,0.5,0.0,0.5,0.0,0.5,0.0,0.5,-0.00018845568167155026,0.5210696745048701,0.0,0.5,0.0,0.5,-0.00012884213921170805,0.5171751488304257,0.0,0.5,0.0,0.5,0.0,0.5,0.0,0.5,0.0,0.5,0.0,0.5,0.0038911704326993948,0.19812606326822635,0.0005065043307165991,0.4425873171240121,9.530160490138873e-05,0.4887587059384821,0.0010352615309847922,0.38825141189742945,0.0,0.5,-0.0002847857116586116,0.5370066598879065,-0.0002787960901879648,0.5279077971729891,0.0014680395945076406,0.3597826657563795,0.0007150565783120376,0.41822246322115714,0.0,0.5,6.0731286198815384e-05,0.49219842790579377,3.4062204360961914
S-CPI_n,0.9,0.0003231262411226149,0.4585667559491304,-2.403546354031399e-05,0.5032279146935125,1.5010688343495485e-05,0.4979453792847317,6.275108480260158e-05,0.4916184878991574,-1.2616170734376778e-17,0.5000000000000018,-1.2616170734376778e-17,0.5000000000000018,-1.2616170734376778e-17,0.5000000000000018,-1.2616170734376778e-17,0.5000000000000018,-1.2616170734376778e-17,0.5000000000000018,-1.2616170734376778e-17,0.5000000000000018,-0.00011178976646972205,0.5124136005258276,-1.2616170734376778e-17,0.5000000000000018,-1.2616170734376778e-17,0.5000000000000018,-9.262318636559468e-05,0.5125071934499651,-1.2616170734376778e-17,0.5000000000000018,-1.2616170734376778e-17,0.5000000000000018,-1.2616170734376778e-17,0.5000000000000018,-1.2616170734376778e-17,0.5000000000000018,-1.2616170734376778e-17,0.5000000000000018,-1.2616170734376778e-17,0.5000000000000018,0.0038172569930026673,0.19488468273680531,0.000516576764647798,0.4418860489107748,4.2614764411110326e-05,0.4949727268312623,0.00022787477581142685,0.4720236084340854,-1.2616170734376778e-17,0.5000000000000018,-0.00023426106133597494,0.530720888226075,-0.0003172125782572891,0.5315581144118345,0.0015380393932455092,0.3534356247965096,0.0007759692108811031,0.41241057834054273,-1.2616170734376778e-17,0.5000000000000018,-0.00016334014942208247,0.5208793085293925,3.355165481567383
S-CPI_bt,0.0,0.0004417448387415953,0.43834737598549367,-5.360277517340887e-05,0.5075108402475653,-6.308085367188389e-18,0.5000000000000009,0.0004017240354360945,0.44389514156014453,-6.308085367188389e-18,0.5000000000000009,-6.308085367188389e-18,0.5000000000000009,-6.308085367188389e-18,0.5000000000000009,-6.308085367188389e-18,0.5000000000000009,-6.308085367188389e-18,0.5000000000000009,-6.308085367188389e-18,0.5000000000000009,-0.00018223768028560234,0.5255160858804967,-8.536169772793953e-06,0.5011961837009803,-6.308085367188389e-18,0.5000000000000009,-0.0002695914079824681,0.5377209232013483,-6.308085367188389e-18,0.5000000000000009,-6.308085367188389e-18,0.5000000000000009,-6.308085367188389e-18,0.5000000000000009,-6.308085367188389e-18,0.5000000000000009,-6.308085367188389e-18,0.5000000000000009,-6.308085367188389e-18,0.5000000000000009,0.004161644513195661,0.07212136607813269,0.00045043820974017596,0.4371493676630092,0.00014787832640527555,0.4792884803546615,0.0028666206237165206,0.15715836887469065,-6.308085367188389e-18,0.5000000000000009,-0.00021608261881591519,0.5302505824065575,-0.00036904128434302186,0.5515477985021541,0.0015852139820944319,0.28893157254118584,0.0007116748305567199,0.40131378012976643,-6.308085367188389e-18,0.5000000000000009,1.5194387637605036e-07,0.49997870788167553,14.839642763137817
S-CPI_bt,0.3,0.0004972287716862513,0.4306790939566836,-6.261963981851874e-05,0.508774088584889,6.762956201892721e-06,0.4990522981262587,0.0006175605864876002,0.4141403945104086,0.0,0.5,0.0,0.5,0.0,0.5,0.0,0.5,0.0,0.5,0.0,0.5,-0.0002566990581124508,0.5359179344135847,-8.935465166039844e-06,0.5012521368775591,-7.306680694639396e-07,0.5001023895874196,-0.00020798770778603724,0.5291191343900236,0.0,0.5,0.0,0.5,0.0,0.5,0.0,0.5,0.0,0.5,0.0,0.5,0.004142097417352464,0.0731359757424547,0.0004576587053683013,0.4361499480114322,0.00019521447973276778,0.47266797105175307,0.0026425136609745355,0.17681749910527583,0.0,0.5,-0.00029224663142282924,0.5408803829251336,-0.00030306162423365937,0.5423686528052424,0.0014835938637915032,0.3012305023066232,0.0006458660442669714,0.41027384270246947,0.0,0.5,8.315953106232727e-05,0.4883485477084468,3.686267137527466
S-CPI_bt,0.6,0.00036705868985044155,0.4487074972529695,-3.346169500553775e-05,0.5046888915618698,1.1724706459200055e-05,0.49835700620889817,0.0003060094627113589,0.4572023624968078,0.0,0.5,0.0,0.5,0.0,0.5,0.0,0.5,0.0,0.5,0.0,0.5,-0.00018845568167155026,0.5263846761415832,0.0,0.5,0.0,0.5,-0.00012884213921170805,0.5180485633456658,0.0,0.5,0.0,0.5,0.0,0.5,0.0,0.5,0.0,0.5,0.0,0.5,0.0038911704326993948,0.08604543442250212,0.0005065043307165991,0.4294059249413614,9.530160490138873e-05,0.4866491004723448,0.0010352615309847922,0.3580926848243692,0.0,0.5,-0.0002847857116586116,0.5398402721755035,-0.0002787960901879648,0.5389877154467895,0.0014680395945076406,0.303141882413571,0.0007150565783120376,0.40085349904786344,0.0,0.5,6.0731286198815384e-05,0.49149050058582716,3.6958892345428467
S-CPI_bt,0.9,0.0003231262411226149,0.45481803785281366,-2.403546354031399e-05,0.5033680663332131,1.5010688343495485e-05,0.49789654309605896,6.275108480260158e-05,0.4912073738126232,-1.2616170734376778e-17,0.5000000000000018,-1.2616170734376778e-17,0.5000000000000018,-1.2616170734376778e-17,0.5000000000000018,-1.2616170734376778e-17,0.5000000000000018,-1.2616170734376778e-17,0.5000000000000018,-1.2616170734376778e-17,0.5000000000000018,-0.00011178976646972205,0.5156580592799791,-1.2616170734376778e-17,0.5000000000000018,-1.2616170734376778e-17,0.5000000000000018,-9.262318636559468e-05,0.5129770783358943,-1.2616170734376778e-17,0.5000000000000018,-1.2616170734376778e-17,0.5000000000000018,-1.2616170734376778e-17,0.5000000000000018,-1.2616170734376778e-17,0.5000000000000018,-1.2616170734376778e-17,0.5000000000000018,-1.2616170734376778e-17,0.5000000000000018,0.0038172569930026673,0.09016686504281557,0.000516576764647798,0.4280196116644576,4.2614764411110326e-05,0.4940291378874266,0.00022787477581142685,0.4681031659740982,-1.2616170734376778e-17,0.5000000000000018,-0.00023426106133597494,0.532789859303954,-0.0003172125782572891,0.5443398140130914,0.0015380393932455092,0.29460034058093065,0.0007759692108811031,0.3926103396448509,-1.2616170734376778e-17,0.5000000000000018,-0.00016334014942208247,0.5228760159055706,3.7335102558135986
S-CPI_sqd,0.0,0.0004417448387415953,1.6168755122186373e-153,-5.360277517340887e-05,0.9993299338625264,-6.308085367188389e-18,0.5000000000001512,0.0004017240354360945,1.0014993443304148e-126,-6.308085367188389e-18,0.5000000000001512,-6.308085367188389e-18,0.5000000000001512,-6.308085367188389e-18,0.5000000000001512,-6.308085367188389e-18,0.5000000000001512,-6.308085367188389e-18,0.5000000000001512,-6.308085367188389e-18,0.5000000000001512,-0.00018223768028560234,1.0,-8.536169772793953e-06,0.6959149031922705,-6.308085367188389e-18,0.5000000000001512,-0.0002695914079824681,1.0,-6.308085367188389e-18,0.5000000000001512,-6.308085367188389e-18,0.5000000000001512,-6.308085367188389e-18,0.5000000000001512,-6.308085367188389e-18,0.5000000000001512,-6.308085367188389e-18,0.5000000000001512,-6.308085367188389e-18,0.5000000000001512,0.004161644513195661,0.0,0.00045043820974017596,3.3477781862269786e-155,0.00014787832640527555,9.169164145645044e-19,0.0028666206237165206,0.0,-6.308085367188389e-18,0.5000000000001512,-0.00021608261881591519,1.0,-0.00036904128434302186,1.0,0.0015852139820944319,0.0,0.0007116748305567199,0.0,-6.308085367188389e-18,0.5000000000001512,1.5194387637605036e-07,0.49635909832829983,14.774504899978638
S-CPI_sqd,0.3,0.0004972287716862513,2.382958299571237e-193,-6.261963981851874e-05,0.9999107109170605,6.762956201892721e-06,0.3422973897158187,0.0006175605864876002,2.6721510316612484e-294,0.0,0.5,0.0,0.5,0.0,0.5,0.0,0.5,0.0,0.5,0.0,0.5,-0.0002566990581124508,1.0,-8.935465166039844e-06,0.7042417528168503,-7.306680694639396e-07,0.5175029978273459,-0.00020798770778603724,1.0,0.0,0.5,0.0,0.5,0.0,0.5,0.0,0.5,0.0,0.5,0.0,0.5,0.004142097417352464,0.0,0.0004576587053683013,2.755590367616264e-159,0.00019521447973276778,3.8769130034768406e-31,0.0026425136609745355,0.0,0.0,0.5,-0.00029224663142282924,1.0,-0.00030306162423365937,1.0,0.0014835938637915032,0.0,0.0006458660442669714,0.0,0.0,0.5,8.315953106232727e-05,3.1180429118238184e-07,3.663642406463623
S-CPI_sqd,0.6,0.00036705868985044155,4.9694998451707e-107,-3.346169500553775e-05,0.9776202704931666,1.1724706459200055e-05,0.2406780732724264,0.0003060094627113589,4.961103482560253e-75,0.0,0.5,0.0,0.5,0.0,0.5,0.0,0.5,0.0,0.5,0.0,0.5,-0.00018845568167155026,1.0,0.0,0.5,0.0,0.5,-0.00012884213921170805,0.9999999999999947,0.0,0.5,0.0,0.5,0.0,0.5,0.0,0.5,0.0,0.5,0.0,0.5,0.0038911704326993948,0.0,0.0005065043307165991,4.8680074943100144e-194,9.530160490138873e-05,9.72623257317072e-09,0.0010352615309847922,0.0,0.0,0.5,-0.0002847857116586116,1.0,-0.0002787960901879648,1.0,0.0014680395945076406,0.0,0.0007150565783120376,0.0,0.0,0.5,6.0731286198815384e-05,0.00014189285907571613,3.6679890155792236
S-CPI_sqd,0.9,0.0003231262411226149,1.082896693073847e-83,-2.403546354031399e-05,0.9253866383723953,1.5010688343495485e-05,0.18370017076714462,6.275108480260158e-05,8.36271467277787e-05,-1.2616170734376778e-17,0.5000000000003023,-1.2616170734376778e-17,0.5000000000003023,-1.2616170734376778e-17,0.5000000000003023,-1.2616170734376778e-17,0.5000000000003023,-1.2616170734376778e-17,0.5000000000003023,-1.2616170734376778e-17,0.5000000000003023,-0.00011178976646972205,0.9999999999532603,-1.2616170734376778e-17,0.5000000000003023,-1.2616170734376778e-17,0.5000000000003023,-9.262318636559468e-05,0.9999999865261895,-1.2616170734376778e-17,0.5000000000003023,-1.2616170734376778e-17,0.5000000000003023,-1.2616170734376778e-17,0.5000000000003023,-1.2616170734376778e-17,0.5000000000003023,-1.2616170734376778e-17,0.5000000000003023,-1.2616170734376778e-17,0.5000000000003023,0.0038172569930026673,0.0,0.000516576764647798,4.228566459117919e-203,4.2614764411110326e-05,0.005860112922019257,0.00022787477581142685,3.37674072803395e-42,-1.2616170734376778e-17,0.5000000000003023,-0.00023426106133597494,1.0,-0.0003172125782572891,1.0,0.0015380393932455092,0.0,0.0007759692108811031,0.0,-1.2616170734376778e-17,0.5000000000003023,-0.00016334014942208247,1.0,3.6528561115264893
S-CPI2,0.0,0.0005024273452105287,0.06337150943663171,-9.593448572519872e-06,0.5157310308256572,-6.870191984066563e-18,0.5825838908396452,0.0006071267425129029,0.05261637445322737,-6.870191984066563e-18,0.5825838908396452,-6.870191984066563e-18,0.5825838908396452,-6.870191984066563e-18,0.5825838908396452,-6.870191984066563e-18,0.5825838908396452,-6.870191984066563e-18,0.5825838908396452,-6.870191984066563e-18,0.5825838908396452,-8.266674173470248e-05,0.5483561144172585,8.948961186446814e-06,0.4010251649569788,-6.870191984066563e-18,0.5825838908396452,-0.0002937029225336146,0.8621743858747435,-6.870191984066563e-18,0.5825838908396452,-6.870191984066563e-18,0.5825838908396452,-6.870191984066563e-18,0.5825838908396452,-6.870191984066563e-18,0.5825838908396452,-6.870191984066563e-18,0.5825838908396452,-6.870191984066563e-18,0.5825838908396452,0.004639438424031695,0.006408473778320991,0.00031259347260499985,0.30208032454442574,0.00020489210947704072,0.3453539121398347,0.0034864631322724326,0.009548769306898889,-6.870191984066563e-18,0.5825838908396452,-0.00019350308622012098,0.8552446023407243,-3.634598291307607e-05,0.5114928438305423,0.0013495986167819285,0.13702133317948428,0.0009619471534852183,0.07390922335346183,-6.870191984066563e-18,0.5825838908396452,1.0523243949089108e-07,0.35954171120361594,14.739974975585938
S-CPI2,0.3,0.0005656847715250161,0.07874681129202854,-1.7650268178601954e-05,0.5282704865168941,8.733421214815544e-06,0.370793944295062,0.0006468782926440867,0.08531111636119304,-2.748076793626625e-17,0.774637876347046,-2.748076793626625e-17,0.774637876347046,-2.748076793626625e-17,0.774637876347046,-2.748076793626625e-17,0.774637876347046,-2.748076793626625e-17,0.774637876347046,-2.748076793626625e-17,0.774637876347046,-0.00018366423336981666,0.6115594812388223,1.3630842790100258e-05,0.3801430274194837,-5.243274432686906e-07,0.6190005309842616,-0.00021202623779976797,0.8394870026269234,-2.748076793626625e-17,0.774637876347046,-2.748076793626625e-17,0.774637876347046,-2.748076793626625e-17,0.774637876347046,-2.748076793626625e-17,0.774637876347046,-2.748076793626625e-17,0.774637876347046,-2.748076793626625e-17,0.774637876347046,0.004569377220494765,0.01597340795368076,0.00032168357494523033,0.29264860025832895,0.00026400047528884563,0.3096154588603297,0.002921776915008092,0.018270192073129243,-2.748076793626625e-17,0.774637876347046,-0.0002690123165862528,0.8918893871728929,1.7025246452340378e-05,0.49442626212368107,0.0012512485554234335,0.1540656126790242,0.0008809358505194546,0.07697220984572725,-2.748076793626625e-17,0.774637876347046,5.7525875834943316e-05,0.3849774598230761,3.5311481952667236
S-CPI2,0.6,0.00042336644808474156,0.0902802813631724,-3.7493398919873035e-06,0.5095402456679848,1.6681285113405072e-05,0.3882517141687076,0.00029198384837376295,0.19639200931622786,-6.183172785659907e-17,0.9791575998765182,-6.183172785659907e-17,0.9791575998765182,-6.183172785659907e-17,0.9791575998765182,-6.183172785659907e-17,0.9791575998765182,-6.183172785659907e-17,0.9791575998765182,-6.183172785659907e-17,0.9791575998765182,-0.00010038819907602375,0.5552333888864432,-6.183172785659907e-17,0.9791575998765182,-6.183172785659907e-17,0.9791575998765182,-0.00012183573791178669,0.8029129959701642,-6.183172785659907e-17,0.9791575998765182,-6.183172785659907e-17,0.9791575998765182,-6.183172785659907e-17,0.9791575998765182,-6.183172785659907e-17,0.9791575998765182,-6.183172785659907e-17,0.9791575998765182,-6.183172785659907e-17,0.9791575998765182,0.0044484755239919925,0.007649009602194006,0.00034702528093149285,0.3037289055131033,0.00013673470612655082,0.4049347740885985,0.0010110821603540414,0.1111037966482048,-6.183172785659907e-17,0.9791575998765182,-0.0002582262541427965,0.8787861538596181,3.26380460761793e-05,0.48933316573156943,0.0012438651625975398,0.15539096432095006,0.0009646442824439639,0.07124017018511372,-6.183172785659907e-17,0.9791575998765182,2.719022602077425e-05,0.4597281074287158,3.4893064498901367
S-CPI2,0.9,0.000372678798934082,0.08578882083715028,3.897284638986429e-07,0.49875555433350466,2.1028771061805658e-05,0.3812990400777135,5.6773867676957024e-05,0.35198212694838094,2.748076793626625e-17,0.15998300842397117,2.748076793626625e-17,0.15998300842397117,2.748076793626625e-17,0.15998300842397117,2.748076793626625e-17,0.15998300842397117,2.748076793626625e-17,0.15998300842397117,2.748076793626625e-17,0.15998300842397117,-8.009545785889496e-06,0.5042624067589102,2.748076793626625e-17,0.15998300842397117,2.748076793626625e-17,0.15998300842397117,-8.626684618673935e-05,0.790102451370985,2.748076793626625e-17,0.15998300842397117,2.748076793626625e-17,0.15998300842397117,2.748076793626625e-17,0.15998300842397117,2.748076793626625e-17,0.15998300842397117,2.748076793626625e-17,0.15998300842397117,2.748076793626625e-17,0.15998300842397117,0.0043629562244712275,0.004827352769311312,0.00034902957021392436,0.30991595022278756,7.597427981293832e-05,0.44682833030424846,0.0001928353565302018,0.3254811945967583,2.748076793626625e-17,0.15998300842397117,-0.00020879146083313538,0.8594710052680845,8.651820751987609e-07,0.49972323019869297,0.001312582469405923,0.1420516185264762,0.001038065084261421,0.0696460158790849,2.748076793626625e-17,0.15998300842397117,-0.0002311943547637602,0.7913393561190537,3.5579910278320312
S-CPI2_sqrt,0.0,0.0005024273452105287,0.4946632530739729,-9.593448572519872e-06,0.5001021372472244,-6.870191984066563e-18,0.5000000000000001,0.0006071267425129029,0.493559078567429,-6.870191984066563e-18,0.5000000000000001,-6.870191984066563e-18,0.5000000000000001,-6.870191984066563e-18,0.5000000000000001,-6.870191984066563e-18,0.5000000000000001,-6.870191984066563e-18,0.5000000000000001,-6.870191984066563e-18,0.5000000000000001,-8.266674173470248e-05,0.5008699677476032,8.948961186446814e-06,0.4999041937137012,-6.870191984066563e-18,0.5000000000000001,-0.0002937029225336146,0.5031247106564729,-6.870191984066563e-18,0.5000000000000001,-6.870191984066563e-18,0.5000000000000001,-6.870191984066563e-18,0.5000000000000001,-6.870191984066563e-18,0.5000000000000001,-6.870191984066563e-18,0.5000000000000001,-6.870191984066563e-18,0.5000000000000001,0.004639438424031695,0.45276486403490274,0.00031259347260499985,0.49670363800251305,0.00020489210947704072,0.49783431781340437,0.0034864631322724326,0.4641227287873383,-6.870191984066563e-18,0.5000000000000001,-0.00019350308622012098,0.5020634672882414,-3.634598291307607e-05,0.5003767226804445,0.0013495986167819285,0.48600436489340243,0.0009619471534852183,0.48987355844160946,-6.870191984066563e-18,0.5000000000000001,1.0523243949089108e-07,0.49999887232529355,14.646475315093994
S-CPI2_sqrt,0.3,0.0005656847715250161,0.4940027495554535,-1.7650268178601954e-05,0.5001878864123185,8.733421214815544e-06,0.499906478134452,0.0006468782926440867,0.49315511603607737,-2.748076793626625e-17,0.5000000000000003,-2.748076793626625e-17,0.5000000000000003,-2.748076793626625e-17,0.5000000000000003,-2.748076793626625e-17,0.5000000000000003,-2.748076793626625e-17,0.5000000000000003,-2.748076793626625e-17,0.5000000000000003,-0.00018366423336981666,0.5019344830380741,1.3630842790100258e-05,0.4998541053222395,-5.243274432686906e-07,0.5000056184951107,-0.00021202623779976797,0.5022591211505779,-2.748076793626625e-17,0.5000000000000003,-2.748076793626625e-17,0.5000000000000003,-2.748076793626625e-17,0.5000000000000003,-2.748076793626625e-17,0.5000000000000003,-2.748076793626625e-17,0.5000000000000003,-2.748076793626625e-17,0.5000000000000003,0.004569377220494765,0.45378799102466516,0.00032168357494523033,0.4966065779095721,0.00026400047528884563,0.4972107647102351,0.002921776915008092,0.4698513796456858,-2.748076793626625e-17,0.5000000000000003,-0.0002690123165862528,0.5028659969449104,1.7025246452340378e-05,0.4998233378780765,0.0012512485554234335,0.4870218363960959,0.0008809358505194546,0.49071474553578237,-2.748076793626625e-17,0.5000000000000003,5.7525875834943316e-05,0.4993867862130896,3.543816089630127
S-CPI2_sqrt,0.6,0.00042336644808474156,0.49550145545996693,-3.7493398919873035e-06,0.5000400098962908,1.6681285113405072e-05,0.4998215230468415,0.00029198384837376295,0.49689955219524456,-6.183172785659907e-17,0.5000000000000007,-6.183172785659907e-17,0.5000000000000007,-6.183172785659907e-17,0.5000000000000007,-6.183172785659907e-17,0.5000000000000007,-6.183172785659907e-17,0.5000000000000007,-6.183172785659907e-17,0.5000000000000007,-0.00010038819907602375,0.5010552831565969,-6.183172785659907e-17,0.5000000000000007,-6.183172785659907e-17,0.5000000000000007,-0.00012183573791178669,0.5013006087869624,-6.183172785659907e-17,0.5000000000000007,-6.183172785659907e-17,0.5000000000000007,-6.183172785659907e-17,0.5000000000000007,-6.183172785659907e-17,0.5000000000000007,-6.183172785659907e-17,0.5000000000000007,-6.183172785659907e-17,0.5000000000000007,0.0044484755239919925,0.4546660422184041,0.00034702528093149285,0.49634756312167755,0.00013673470612655082,0.4985567696570688,0.0010110821603540414,0.48940218743761676,-6.183172785659907e-17,0.5000000000000007,-0.0002582262541427965,0.5027508388610991,3.26380460761793e-05,0.49966134942718865,0.0012438651625975398,0.48709821049600666,0.0009646442824439639,0.48984331630419103,-6.183172785659907e-17,0.5000000000000007,2.719022602077425e-05,0.49971071572771514,3.523709774017334
S-CPI2_sqrt,0.9,0.000372678798934082,0.49603542425505276,3.897284638986429e-07,0.49999583759165156,2.1028771061805658e-05,0.4997750737574073,5.6773867676957024e-05,0.49939403661459253,2.748076793626625e-17,0.4999999999999997,2.748076793626625e-17,0.4999999999999997,2.748076793626625e-17,0.4999999999999997,2.748076793626625e-17,0.4999999999999997,2.748076793626625e-17,0.4999999999999997,2.748076793626625e-17,0.4999999999999997,-8.009545785889496e-06,0.5000841370430429,2.748076793626625e-17,0.4999999999999997,2.748076793626625e-17,0.4999999999999997,-8.626684618673935e-05,0.5009217975431933,2.748076793626625e-17,0.4999999999999997,2.748076793626625e-17,0.4999999999999997,2.748076793626625e-17,0.4999999999999997,2.748076793626625e-17,0.4999999999999997,2.748076793626625e-17,0.4999999999999997,2.748076793626625e-17,0.4999999999999997,0.0043629562244712275,0.45536507892510647,0.00034902957021392436,0.4963291830687168,7.597427981293832e-05,0.49919809306349283,0.0001928353565302018,0.49795695281175634,2.748076793626625e-17,0.4999999999999997,-0.00020879146083313538,0.502225842198401,8.651820751987609e-07,0.4999910291159536,0.001312582469405923,0.4863850846384172,0.001038065084261421,0.48908325139382647,2.748076793626625e-17,0.4999999999999997,-0.0002311943547637602,0.50245866572214,3.651162624359131
S-CPI2_n,0.0,0.0005024273452105287,0.43715015112037287,-9.593448572519872e-06,0.5012385271248182,-6.870191984066563e-18,0.500000000000001,0.0006071267425129029,0.4252619155606735,-6.870191984066563e-18,0.500000000000001,-6.870191984066563e-18,0.500000000000001,-6.870191984066563e-18,0.500000000000001,-6.870191984066563e-18,0.500000000000001,-6.870191984066563e-18,0.500000000000001,-6.870191984066563e-18,0.500000000000001,-8.266674173470248e-05,0.5093489999437709,8.948961186446814e-06,0.4987615001647372,-6.870191984066563e-18,0.500000000000001,-0.0002937029225336146,0.5375432699295558,-6.870191984066563e-18,0.500000000000001,-6.870191984066563e-18,0.500000000000001,-6.870191984066563e-18,0.500000000000001,-6.870191984066563e-18,0.500000000000001,-6.870191984066563e-18,0.500000000000001,-6.870191984066563e-18,0.500000000000001,0.004639438424031695,0.16236029092644855,0.00031259347260499985,0.463901260939831,0.00020489210947704072,0.47570104796366086,0.0034864631322724326,0.21059976135838632,-6.870191984066563e-18,0.500000000000001,-0.00019350308622012098,0.5254634372667821,-3.634598291307607e-05,0.5035293046810353,0.0013495986167819285,0.3704276085302374,0.0009619471534852183,0.3920668001992466,-6.870191984066563e-18,0.500000000000001,1.0523243949089108e-07,0.49998525513914244,14.67569637298584
S-CPI2_n,0.3,0.0005656847715250161,0.4308493333922735,-1.7650268178601954e-05,0.502274516033865,8.733421214815544e-06,0.49878745507316924,0.0006468782926440867,0.4227353920910804,-2.748076793626625e-17,0.5000000000000039,-2.748076793626625e-17,0.5000000000000039,-2.748076793626625e-17,0.5000000000000039,-2.748076793626625e-17,0.5000000000000039,-2.748076793626625e-17,0.5000000000000039,-2.748076793626625e-17,0.5000000000000039,-0.00018366423336981666,0.5209548735212195,1.3630842790100258e-05,0.49811940870240196,-5.243274432686906e-07,0.5000734301190508,-0.00021202623779976797,0.5276152780169346,-2.748076793626625e-17,0.5000000000000039,-2.748076793626625e-17,0.5000000000000039,-2.748076793626625e-17,0.5000000000000039,-2.748076793626625e-17,0.5000000000000039,-2.748076793626625e-17,0.5000000000000039,-2.748076793626625e-17,0.5000000000000039,0.004569377220494765,0.17928771147222888,0.00032168357494523033,0.46270968196800155,0.00026400047528884563,0.4688547424121269,0.002921776915008092,0.24560126926904224,-2.748076793626625e-17,0.5000000000000039,-0.0002690123165862528,0.5349761714714443,1.7025246452340378e-05,0.4983293240710691,0.0012512485554234335,0.37939078000078286,0.0008809358505194546,0.3996499219534756,-2.748076793626625e-17,0.5000000000000039,5.7525875834943316e-05,0.49246026966588935,3.544041872024536
S-CPI2_n,0.6,0.00042336644808474156,0.44676220523384663,-3.7493398919873035e-06,0.5004979783116693,1.6681285113405072e-05,0.4977097128012004,0.00029198384837376295,0.4635191941302172,-6.183172785659907e-17,0.5000000000000087,-6.183172785659907e-17,0.5000000000000087,-6.183172785659907e-17,0.5000000000000087,-6.183172785659907e-17,0.5000000000000087,-6.183172785659907e-17,0.5000000000000087,-6.183172785659907e-17,0.5000000000000087,-0.00010038819907602375,0.5112177670895275,-6.183172785659907e-17,0.5000000000000087,-6.183172785659907e-17,0.5000000000000087,-0.00012183573791178669,0.5162520312786092,-6.183172785659907e-17,0.5000000000000087,-6.183172785659907e-17,0.5000000000000087,-6.183172785659907e-17,0.5000000000000087,-6.183172785659907e-17,0.5000000000000087,-6.183172785659907e-17,0.5000000000000087,-6.183172785659907e-17,0.5000000000000087,0.0044484755239919925,0.1709811375844808,0.00034702528093149285,0.46076040150187425,0.00013673470612655082,0.4840319370405468,0.0010110821603540414,0.3916163501377553,-6.183172785659907e-17,0.5000000000000087,-0.0002582262541427965,0.5335403749424945,3.26380460761793e-05,0.49679883246284057,0.0012438651625975398,0.3800651822702981,0.0009646442824439639,0.3915632139533311,-6.183172785659907e-17,0.5000000000000087,2.719022602077425e-05,0.49651865849178406,3.519794464111328
S-CPI2_n,0.9,0.000372678798934082,0.45245264305847377,3.897284638986429e-07,0.49994768274797785,2.1028771061805658e-05,0.4971235700996911,5.6773867676957024e-05,0.49244137094152524,2.748076793626625e-17,0.49999999999999617,2.748076793626625e-17,0.49999999999999617,2.748076793626625e-17,0.49999999999999617,2.748076793626625e-17,0.49999999999999617,2.748076793626625e-17,0.49999999999999617,2.748076793626625e-17,0.49999999999999617,-8.009545785889496e-06,0.5008884449942518,2.748076793626625e-17,0.49999999999999617,2.748076793626625e-17,0.49999999999999617,-8.626684618673935e-05,0.5116494381082615,2.748076793626625e-17,0.49999999999999617,2.748076793626625e-17,0.49999999999999617,2.748076793626625e-17,0.49999999999999617,2.748076793626625e-17,0.49999999999999617,2.748076793626625e-17,0.49999999999999617,2.748076793626625e-17,0.49999999999999617,0.0043629562244712275,0.16789081552243323,0.00034902957021392436,0.4608450651210065,7.597427981293832e-05,0.49112602048094584,0.0001928353565302018,0.4765101094474423,2.748076793626625e-17,0.49999999999999617,-0.00020879146083313538,0.5273729211339198,8.651820751987609e-07,0.49991569196619423,0.001312582469405923,0.37360565108746824,0.001038065084261421,0.38495573344502126,2.748076793626625e-17,0.49999999999999617,-0.0002311943547637602,0.5294223098065571,3.450488805770874
S-CPI2_bt,0.0,0.0005024273452105287,0.4299604702228557,-9.593448572519872e-06,0.5013443130144012,-6.870191984066563e-18,0.500000000000001,0.0006071267425129029,0.41556753636340643,-6.870191984066563e-18,0.500000000000001,-6.870191984066563e-18,0.500000000000001,-6.870191984066563e-18,0.500000000000001,-6.870191984066563e-18,0.500000000000001,-6.870191984066563e-18,0.500000000000001,-6.870191984066563e-18,0.500000000000001,-8.266674173470248e-05,0.5115807469699624,8.948961186446814e-06,0.4987459715516092,-6.870191984066563e-18,0.500000000000001,-0.0002937029225336146,0.5410829918713507,-6.870191984066563e-18,0.500000000000001,-6.870191984066563e-18,0.500000000000001,-6.870191984066563e-18,0.500000000000001,-6.870191984066563e-18,0.500000000000001,-6.870191984066563e-18,0.500000000000001,-6.870191984066563e-18,0.500000000000001,0.004639438424031695,0.05175929499213882,0.00031259347260499985,0.4562893325726949,0.00020489210947704072,0.47131553786818503,0.0034864631322724326,0.11054321141348505,-6.870191984066563e-18,0.500000000000001,-0.00019350308622012098,0.5270946900833211,-3.634598291307607e-05,0.5050897924267892,0.0013495986167819285,0.3178253456556139,0.0009619471534852183,0.3677430558357192,-6.870191984066563e-18,0.500000000000001,1.0523243949089108e-07,0.49998525362385643,14.926559925079346
S-CPI2_bt,0.3,0.0005656847715250161,0.42125174955828626,-1.7650268178601954e-05,0.5024732915986123,8.733421214815544e-06,0.49877617512262223,0.0006468782926440867,0.4101320356508863,-2.748076793626625e-17,0.5000000000000039,-2.748076793626625e-17,0.5000000000000039,-2.748076793626625e-17,0.5000000000000039,-2.748076793626625e-17,0.5000000000000039,-2.748076793626625e-17,0.5000000000000039,-2.748076793626625e-17,0.5000000000000039,-0.00018366423336981666,0.5257159994891465,1.3630842790100258e-05,0.4980898986306877,-5.243274432686906e-07,0.5000734747734575,-0.00021202623779976797,0.5296836011305172,-2.748076793626625e-17,0.5000000000000039,-2.748076793626625e-17,0.5000000000000039,-2.748076793626625e-17,0.5000000000000039,-2.748076793626625e-17,0.5000000000000039,-2.748076793626625e-17,0.5000000000000039,-2.748076793626625e-17,0.5000000000000039,0.004569377220494765,0.05447863025497911,0.00032168357494523033,0.4550236474514832,0.00026400047528884563,0.4630619603534394,0.002921776915008092,0.15256416821037294,-2.748076793626625e-17,0.5000000000000039,-0.0002690123165862528,0.5376403358292686,1.7025246452340378e-05,0.4976155478201542,0.0012512485554234335,0.33022968345235365,0.0008809358505194546,0.3785095051593017,-2.748076793626625e-17,0.5000000000000039,5.7525875834943316e-05,0.49193946492358537,3.8436472415924072
S-CPI2_bt,0.6,0.00042336644808474156,0.44089307611645584,-3.7493398919873035e-06,0.500525396068043,1.6681285113405072e-05,0.4976624435746165,0.00029198384837376295,0.45915713788538515,-6.183172785659907e-17,0.5000000000000087,-6.183172785659907e-17,0.5000000000000087,-6.183172785659907e-17,0.5000000000000087,-6.183172785659907e-17,0.5000000000000087,-6.183172785659907e-17,0.5000000000000087,-6.183172785659907e-17,0.5000000000000087,-0.00010038819907602375,0.5140621951418506,-6.183172785659907e-17,0.5000000000000087,-6.183172785659907e-17,0.5000000000000087,-0.00012183573791178669,0.517067694116848,-6.183172785659907e-17,0.5000000000000087,-6.183172785659907e-17,0.5000000000000087,-6.183172785659907e-17,0.5000000000000087,-6.183172785659907e-17,0.5000000000000087,-6.183172785659907e-17,0.5000000000000087,-6.183172785659907e-17,0.5000000000000087,0.0044484755239919925,0.05927903797568754,0.00034702528093149285,0.4514994581151849,0.00013673470612655082,0.4808488635453145,0.0010110821603540414,0.36127140858848106,-6.183172785659907e-17,0.5000000000000087,-0.0002582262541427965,0.5361353685203353,3.26380460761793e-05,0.4954290692767922,0.0012438651625975398,0.33118662840590707,0.0009646442824439639,0.3673800311804433,-6.183172785659907e-17,0.5000000000000087,2.719022602077425e-05,0.49618995352989925,3.844101905822754
S-CPI2_bt,0.9,0.000372678798934082,0.4479264138439989,3.897284638986429e-07,0.49994538709664116,2.1028771061805658e-05,0.49705323807570917,5.6773867676957024e-05,0.49204479019786435,2.748076793626625e-17,0.49999999999999617,2.748076793626625e-17,0.49999999999999617,2.748076793626625e-17,0.49999999999999617,2.748076793626625e-17,0.49999999999999617,2.748076793626625e-17,0.49999999999999617,2.748076793626625e-17,0.49999999999999617,-8.009545785889496e-06,0.5011221395647536,2.748076793626625e-17,0.49999999999999617,2.748076793626625e-17,0.49999999999999617,-8.626684618673935e-05,0.5120867938311573,2.748076793626625e-17,0.49999999999999617,2.748076793626625e-17,0.49999999999999617,2.748076793626625e-17,0.49999999999999617,2.748076793626625e-17,0.49999999999999617,2.748076793626625e-17,0.49999999999999617,2.748076793626625e-17,0.49999999999999617,0.0043629562244712275,0.06285302107709699,0.00034902957021392436,0.4512223017500012,7.597427981293832e-05,0.4893559425825525,0.0001928353565302018,0.4729999734002803,2.748076793626625e-17,0.49999999999999617,-0.00020879146083313538,0.5292316736831189,8.651820751987609e-07,0.49987882271433853,0.001312582469405923,0.3224634980246278,0.001038065084261421,0.35772160185627655,2.748076793626625e-17,0.49999999999999617,-0.0002311943547637602,0.5323610921324311,3.8679580688476562
S-CPI2_sqd,0.0,0.0005024273452105287,3.731391030786112e-198,-9.593448572519872e-06,0.717126119698147,-6.870191984066563e-18,0.5000000000001646,0.0006071267425129029,1.4693334441720564e-286,-6.870191984066563e-18,0.5000000000001646,-6.870191984066563e-18,0.5000000000001646,-6.870191984066563e-18,0.5000000000001646,-6.870191984066563e-18,0.5000000000001646,-6.870191984066563e-18,0.5000000000001646,-6.870191984066563e-18,0.5000000000001646,-8.266674173470248e-05,0.9999993813078468,8.948961186446814e-06,0.2954666540456905,-6.870191984066563e-18,0.5000000000001646,-0.0002937029225336146,1.0,-6.870191984066563e-18,0.5000000000001646,-6.870191984066563e-18,0.5000000000001646,-6.870191984066563e-18,0.5000000000001646,-6.870191984066563e-18,0.5000000000001646,-6.870191984066563e-18,0.5000000000001646,-6.870191984066563e-18,0.5000000000001646,0.004639438424031695,0.0,0.00031259347260499985,6.46778063741821e-76,0.00020489210947704072,5.413555653508508e-34,0.0034864631322724326,0.0,-6.870191984066563e-18,0.5000000000001646,-0.00019350308622012098,1.0,-3.634598291307607e-05,0.9781414297303949,0.0013495986167819285,0.0,0.0009619471534852183,0.0,-6.870191984066563e-18,0.5000000000001646,1.0523243949089108e-07,0.4974783864805724,14.903510808944702
S-CPI2_sqd,0.3,0.0005656847715250161,6.6853772560614465e-248,-1.7650268178601954e-05,0.8545371485916708,8.733421214815544e-06,0.29994920753289667,0.0006468782926440867,0.0,-2.748076793626625e-17,0.5000000000006585,-2.748076793626625e-17,0.5000000000006585,-2.748076793626625e-17,0.5000000000006585,-2.748076793626625e-17,0.5000000000006585,-2.748076793626625e-17,0.5000000000006585,-2.748076793626625e-17,0.5000000000006585,-0.00018366423336981666,1.0,1.3630842790100258e-05,0.2064939658236849,-5.243274432686906e-07,0.5125621074913825,-0.00021202623779976797,1.0,-2.748076793626625e-17,0.5000000000006585,-2.748076793626625e-17,0.5000000000006585,-2.748076793626625e-17,0.5000000000006585,-2.748076793626625e-17,0.5000000000006585,-2.748076793626625e-17,0.5000000000006585,-2.748076793626625e-17,0.5000000000006585,0.004569377220494765,0.0,0.00032168357494523033,4.613172439553416e-80,0.00026400047528884563,4.998476906753458e-55,0.002921776915008092,0.0,-2.748076793626625e-17,0.5000000000006585,-0.0002690123165862528,1.0,1.7025246452340378e-05,0.1725762003163489,0.0012512485554234335,0.0,0.0008809358505194546,0.0,-2.748076793626625e-17,0.5000000000006585,5.7525875834943316e-05,0.00028263338457707224,3.830205202102661
S-CPI2_sqd,0.6,0.00042336644808474156,1.7512293018417924e-141,-3.7493398919873035e-06,0.5889578593877787,1.6681285113405072e-05,0.15823591670615528,0.00029198384837376295,3.6985923383081984e-68,-6.183172785659907e-17,0.5000000000014816,-6.183172785659907e-17,0.5000000000014816,-6.183172785659907e-17,0.5000000000014816,-6.183172785659907e-17,0.5000000000014816,-6.183172785659907e-17,0.5000000000014816,-6.183172785659907e-17,0.5000000000014816,-0.00010038819907602375,0.9999999977864957,-6.183172785659907e-17,0.5000000000014816,-6.183172785659907e-17,0.5000000000014816,-0.00012183573791178669,0.9999999999998657,-6.183172785659907e-17,0.5000000000014816,-6.183172785659907e-17,0.5000000000014816,-6.183172785659907e-17,0.5000000000014816,-6.183172785659907e-17,0.5000000000014816,-6.183172785659907e-17,0.5000000000014816,-6.183172785659907e-17,0.5000000000014816,0.0044484755239919925,0.0,0.00034702528093149285,8.84476527166273e-93,0.00013673470612655082,4.4368874797188604e-16,0.0010110821603540414,0.0,-6.183172785659907e-17,0.5000000000014816,-0.0002582262541427965,1.0,3.26380460761793e-05,0.03437505820023201,0.0012438651625975398,0.0,0.0009646442824439639,0.0,-6.183172785659907e-17,0.5000000000014816,2.719022602077425e-05,0.05194945556641543,3.8205370903015137
S-CPI2_sqd,0.9,0.000372678798934082,2.6758957243538323e-110,3.897284638986429e-07,0.4906696463237844,2.1028771061805658e-05,0.1033339305216961,5.6773867676957024e-05,0.00032950158070823514,2.748076793626625e-17,0.49999999999934147,2.748076793626625e-17,0.49999999999934147,2.748076793626625e-17,0.49999999999934147,2.748076793626625e-17,0.49999999999934147,2.748076793626625e-17,0.49999999999934147,2.748076793626625e-17,0.49999999999934147,-8.009545785889496e-06,0.6801182600792361,2.748076793626625e-17,0.49999999999934147,2.748076793626625e-17,0.49999999999934147,-8.626684618673935e-05,0.9999998881271835,2.748076793626625e-17,0.49999999999934147,2.748076793626625e-17,0.49999999999934147,2.748076793626625e-17,0.49999999999934147,2.748076793626625e-17,0.49999999999934147,2.748076793626625e-17,0.49999999999934147,2.748076793626625e-17,0.49999999999934147,0.0043629562244712275,0.0,0.00034902957021392436,1.3172653362539808e-91,7.597427981293832e-05,3.8555104446518104e-06,0.0001928353565302018,1.2694557097212953e-30,2.748076793626625e-17,0.49999999999934147,-0.00020879146083313538,1.0,8.651820751987609e-07,0.48095448054996803,0.001312582469405923,0.0,0.001038065084261421,0.0,2.748076793626625e-17,0.49999999999934147,-0.0002311943547637602,1.0,3.9843554496765137
LOCO,0.0,0.0006122165176221106,0.06289787082784012,-0.0001667976915407099,0.7324039638336756,4.745262245184345e-06,0.15297318993600395,0.000997741433468001,0.008531922610171685,3.0137783227357495e-08,0.1432052402338192,-1.0054981419704845e-07,0.8364434866371993,3.55734762064186e-08,0.1082879885848132,1.2648911647261674e-08,0.10960083811522436,-2.7811274116995577e-11,0.5116015001256178,1.3877787807814457e-17,0.15188942583908643,-0.00022322418065218869,0.6421389324240098,6.47581198903735e-06,0.44016990836623965,-1.948251204752366e-05,0.8405243280869763,-3.1047790430144273e-06,0.504310785203409,0.0,0.5,0.0,0.5,0.0,0.5,0.0,0.5,0.0,0.5,0.0,0.5,0.0041489689976567865,0.03345318624854433,0.000506492783863971,0.22520736568971628,0.00017037215133805517,0.3760759495540251,0.0032241073345640123,0.040594268357037215,-2.2343189506196515e-07,0.8791776781096304,-0.00028649541624629904,0.9211970104523857,0.0012456623010522402,0.2013534555654538,0.0007988307070879788,0.23150384149401504,0.0009671657224966865,0.06323115598906134,0.0,1.0,-3.884439553694663e-07,0.7735315062530543,3.3977200984954834
LOCO,0.3,0.0007137691381388644,0.07668479760352338,-0.00018285476720010518,0.7495426421011845,4.6056458309101656e-05,0.1830318113508672,0.0004353543630137499,0.18076981267092734,6.27748754158941e-08,0.15817125396919807,-2.5423972437044196e-07,0.7702435502765421,-1.4578997874215016e-07,0.6529447611781132,-1.937854640643444e-09,0.6387936271862449,6.682504168076253e-09,0.386073451477765,2.0816681711721685e-17,0.2823294984987476,-0.00020172818401471837,0.6325048300280416,3.933728717146756e-06,0.47683690491485164,-1.1698583913144489e-05,0.8911948852518861,-1.3846150326977946e-05,0.524067031106247,-2.0816681711721685e-17,0.9019617155379034,-2.0816681711721685e-17,0.9019617155379034,-2.0816681711721685e-17,0.9019617155379034,-2.0816681711721685e-17,0.9019617155379034,-2.0816681711721685e-17,0.9019617155379034,-2.0816681711721685e-17,0.9019617155379034,0.004318288149851177,0.033154488362825515,0.000490980635444685,0.22839339026991162,0.00020033915175961953,0.36059930765578063,0.0023514810482468257,0.04550863572718769,-5.606001797636706e-07,0.8922893492872597,-0.00034829974590374485,0.9329894605067425,0.0013243640517543037,0.17865743937431655,0.0008262636176387464,0.22395470599998085,0.0009277463121622614,0.0580703352096273,0.0,1.0,0.00015155090588457598,0.2599132977193205,3.393526554107666
LOCO,0.6,0.0005303661456611958,0.10047632224921521,-0.00014246765791939286,0.7910697702214793,3.947040655594147e-05,0.374858776723451,-6.142130968631726e-05,0.5569183504891276,3.912108409442894e-08,0.24745446670452048,-1.6492491955455435e-08,0.5247802626934975,7.723857114311228e-08,0.4008422098941738,1.171216262862984e-09,0.37773951250183874,7.863865905677336e-09,0.3802179907069319,0.0,0.5,-0.00018852229079555083,0.6124989965391032,-2.6774290158064484e-05,0.7785562323824324,-5.839532141324599e-06,0.8731650639253714,3.0137031732588304e-05,0.4156988331864118,0.0,0.5,0.0,0.5,0.0,0.5,0.0,0.5,0.0,0.5,0.0,0.5,0.003933306339259264,0.03401637390865188,0.0005859581522955903,0.21701588318240367,0.00018858727874193626,0.36939400540658696,0.000835448250795609,0.16489121879159113,-7.60572873577392e-07,0.9164477740195616,-0.0003491937380212737,0.9313879531620521,0.0012805636404585943,0.18594855544055933,0.0007507123836624496,0.2418814385155324,0.0009880357023900263,0.057955911726014414,0.0,1.0,-0.00011666274469852161,0.6407054466961108,3.392176866531372
LOCO,0.9,0.0004527091767273922,0.10502411130514056,-0.00011622245314665824,0.794948240936165,3.404762105213566e-05,0.41052344353602355,-0.0002529392476816328,0.7965571973898375,3.860387237653029e-08,0.25594785791604135,4.449371204806596e-09,0.49184556752150593,1.0344115183164027e-07,0.35941368958241415,1.317293281399845e-09,0.3563214250536383,9.243803993086441e-09,0.35694555326068944,-1.3877787807814457e-17,0.7994633294913083,-0.0001584463212976478,0.5921930580386303,-3.0635374381679514e-05,0.8063727277811366,-5.091611278068564e-06,0.8897706348360446,3.7721837562523786e-05,0.3294201753431,-1.3877787807814457e-17,0.7993867943868243,-1.3877787807814457e-17,0.7993867943868243,-1.3877787807814457e-17,0.7993867943868243,-1.3877787807814457e-17,0.7993867943868243,-1.3877787807814457e-17,0.7993867943868243,-1.3877787807814457e-17,0.7993867943868243,0.0037896727186049403,0.033517902260479404,0.0006118256781833462,0.216525543884226,0.00015602852205381934,0.3885584340592134,0.00021849910870054556,0.3057432577304229,-7.896638647697518e-07,0.9325629983594401,-0.0002857984054515164,0.9174483040382286,0.001230254911945526,0.20007681170987757,0.0007614565306697241,0.23828462565507647,0.0010385026860012178,0.06020477222444074,0.0,1.0,-0.0002429510223462064,0.8137973653233526,3.4768972396850586
LOCO_sqrt,0.0,0.0006122165176221106,0.4935094252326999,-0.0001667976915407099,0.5017745963783804,4.745262245184345e-06,0.4999491555255181,0.000997741433468001,0.4894281152144278,3.0137783227357495e-08,0.49999967704010956,-1.0054981419704845e-07,0.500001077501019,3.55734762064186e-08,0.49999961879061466,1.2648911647261674e-08,0.49999986445276806,-2.7811274116995577e-11,0.5000000002980289,1.3877787807814457e-17,0.49999999999999983,-0.00022322418065218869,0.5023533368110336,6.47581198903735e-06,0.49993068450950523,-1.948251204752366e-05,0.5002086673775408,-3.1047790430144273e-06,0.5000330163687022,0.0,0.5,0.0,0.5,0.0,0.5,0.0,0.5,0.0,0.5,0.0,0.5,0.0041489689976567865,0.45816532247867003,0.000506492783863971,0.49466862978096016,0.00017037215133805517,0.49820035688723446,0.0032241073345640123,0.4671220501699215,-2.2343189506196515e-07,0.5000023943109796,-0.00028649541624629904,0.5030534614746095,0.0012456623010522402,0.4871667834988169,0.0007988307070879788,0.4916834115210637,0.0009671657224966865,0.4898100899946583,0.0,0.5,-3.884439553694663e-07,0.5000041625546092,3.405247449874878
LOCO_sqrt,0.3,0.0007137691381388644,0.49245296776805275,-0.00018285476720010518,0.5019452899364949,4.6056458309101656e-05,0.4995071281380898,0.0004353543630137499,0.49539382842175417,6.27748754158941e-08,0.49999932729796304,-2.5423972437044196e-07,0.500002724438528,-1.4578997874215016e-07,0.5000015622875156,-1.937854640643444e-09,0.500000020766282,6.682504168076253e-09,0.4999999283895203,2.0816681711721685e-17,0.4999999999999998,-0.00020172818401471837,0.5021276732192126,3.933728717146756e-06,0.49995792222057495,-1.1698583913144489e-05,0.5001253314961327,-1.3846150326977946e-05,0.5001474684066952,-2.0816681711721685e-17,0.5000000000000002,-2.0816681711721685e-17,0.5000000000000002,-2.0816681711721685e-17,0.5000000000000002,-2.0816681711721685e-17,0.5000000000000002,-2.0816681711721685e-17,0.5000000000000002,-2.0816681711721685e-17,0.5000000000000002,0.004318288149851177,0.45656028977451635,0.000490980635444685,0.49483035981050133,0.00020033915175961953,0.49788504477360807,0.0023514810482468257,0.4757240903273942,-5.606001797636706e-07,0.5000060073864085,-0.00034829974590374485,0.5037092092124386,0.0013243640517543037,0.48633869515732403,0.0008262636176387464,0.49139791721203246,0.0009277463121622614,0.4902143651785317,0.0,0.5,0.00015155090588457598,0.49838617403536034,3.3829574584960938
LOCO_sqrt,0.6,0.0005303661456611958,0.49437933455849953,-0.00014246765791939286,0.5015195191999563,3.947040655594147e-05,0.49957843149321407,-6.142130968631726e-05,0.5006506989087823,3.912108409442894e-08,0.4999995807743695,-1.6492491955455435e-08,0.5000001767342819,7.723857114311228e-08,0.4999991723089526,1.171216262862984e-09,0.4999999874491059,7.863865905677336e-09,0.49999991572991875,0.0,0.5,-0.00018852229079555083,0.5019850518465769,-2.6774290158064484e-05,0.5002866478450005,-5.839532141324599e-06,0.5000625685356125,3.0137031732588304e-05,0.499678271224832,0.0,0.5,0.0,0.5,0.0,0.5,0.0,0.5,0.0,0.5,0.0,0.5,0.003933306339259264,0.4602232203482977,0.0005859581522955903,0.4938448876531423,0.00018858727874193626,0.49800932539811116,0.000835448250795609,0.49124945426402505,-7.60572873577392e-07,0.5000081502705198,-0.0003491937380212737,0.5037184800084933,0.0012805636404585943,0.4867887623738943,0.0007507123836624496,0.4921809515000653,0.0009880357023900263,0.4895890404070717,0.0,0.5,-0.00011666274469852161,0.5012393918047064,3.3980305194854736
LOCO_sqrt,0.9,0.0004527091767273922,0.49519544304750435,-0.00011622245314665824,0.5012407494028074,3.404762105213566e-05,0.4996366108705673,-0.0002529392476816328,0.5026884832115426,3.860387237653029e-08,0.49999958631688146,4.449371204806596e-09,0.499999952320278,1.0344115183164027e-07,0.4999988915206418,1.317293281399845e-09,0.49999998588372696,9.243803993086441e-09,0.49999990094234376,-1.3877787807814457e-17,0.5000000000000001,-0.0001584463212976478,0.5016674907328732,-3.0635374381679514e-05,0.5003279801841183,-5.091611278068564e-06,0.5000545562335449,3.7721837562523786e-05,0.499596693859683,-1.3877787807814457e-17,0.5000000000000001,-1.3877787807814457e-17,0.5000000000000001,-1.3877787807814457e-17,0.5000000000000001,-1.3877787807814457e-17,0.5000000000000001,-1.3877787807814457e-17,0.5000000000000001,-1.3877787807814457e-17,0.5000000000000001,0.0037896727186049403,0.4615873370113469,0.0006118256781833462,0.49357849779866797,0.00015602852205381934,0.4983523781873982,0.00021849910870054556,0.49768529564455516,-7.896638647697518e-07,0.5000084620135791,-0.0002857984054515164,0.5030457759579293,0.001230254911945526,0.48731682814052574,0.0007614565306697241,0.4920685783693108,0.0010385026860012178,0.48906901140974435,0.0,0.5,-0.0002429510223462064,0.5025845648713592,3.4670867919921875
LOCO_n,0.0,0.0006122165176221106,0.4252193617405422,-0.0001667976915407099,0.5213456446513134,4.745262245184345e-06,0.4993361206193854,0.000997741433468001,0.37996658710290265,3.0137783227357495e-08,0.4999957767901553,-1.0054981419704845e-07,0.5000140896851756,3.55734762064186e-08,0.4999950150869927,1.2648911647261674e-08,0.49999822749586154,-2.7811274116995577e-11,0.5000000038972333,1.3877787807814457e-17,0.49999999999999806,-0.00022322418065218869,0.5257212113165185,6.47581198903735e-06,0.4991060436508213,-1.948251204752366e-05,0.5027114733200291,-3.1047790430144273e-06,0.5003951921491545,0.0,0.5,0.0,0.5,0.0,0.5,0.0,0.5,0.0,0.5,0.0,0.5,0.0041489689976567865,0.2084730269434475,0.000506492783863971,0.44276155098059294,0.00017037215133805517,0.4799374149693728,0.0032241073345640123,0.24616837617673354,-2.2343189506196515e-07,0.5000313077407568,-0.00028649541624629904,0.5374230997926722,0.0012456623010522402,0.3869354243544578,0.0007988307070879788,0.4195726831316339,0.0009671657224966865,0.39053006593953626,0.0,0.5,-3.884439553694663e-07,0.5000544233272279,3.4040675163269043
LOCO_n,0.3,0.0007137691381388644,0.4155596960668528,-0.00018285476720010518,0.5233780690968083,4.6056458309101656e-05,0.49365979098828716,0.0004353543630137499,0.44789908094373887,6.27748754158941e-08,0.49999120345818016,-2.5423972437044196e-07,0.5000356226845557,-1.4578997874215016e-07,0.5000204271037852,-1.937854640643444e-09,0.5000002715538937,6.682504168076253e-09,0.49999906357847684,2.0816681711721685e-17,0.49999999999999706,-0.00020172818401471837,0.523361863049517,3.933728717146756e-06,0.4994615674926968,-1.1698583913144489e-05,0.5016338894790434,-1.3846150326977946e-05,0.5017956014836976,-2.0816681711721685e-17,0.5000000000000029,-2.0816681711721685e-17,0.5000000000000029,-2.0816681711721685e-17,0.5000000000000029,-2.0816681711721685e-17,0.5000000000000029,-2.0816681711721685e-17,0.5000000000000029,-2.0816681711721685e-17,0.5000000000000029,0.004318288149851177,0.20307737682463345,0.000490980635444685,0.44432523999661117,0.00020033915175961953,0.4765638413847171,0.0023514810482468257,0.2895088875130033,-5.606001797636706e-07,0.5000785452399146,-0.00034829974590374485,0.5450275102297732,0.0013243640517543037,0.3786525568270013,0.0008262636176387464,0.4168563950159622,0.0009277463121622614,0.39361922493960166,0.0,0.5,0.00015155090588457598,0.4803931874605253,3.3731813430786133
LOCO_n,0.6,0.0005303661456611958,0.4354138200837978,-0.00014246765791939286,0.518795784354278,3.947040655594147e-05,0.4946994778260304,-6.142130968631726e-05,0.5074793898726777,3.912108409442894e-08,0.4999945180154576,-1.6492491955455435e-08,0.50000231090171,7.723857114311228e-08,0.4999891776147113,1.171216262862984e-09,0.4999998358759634,7.863865905677336e-09,0.49999889803491543,0.0,0.5,-0.00018852229079555083,0.5214385383038611,-2.6774290158064484e-05,0.5037064389313706,-5.839532141324599e-06,0.5008168338289498,3.0137031732588304e-05,0.49597695119041035,0.0,0.5,0.0,0.5,0.0,0.5,0.0,0.5,0.0,0.5,0.0,0.5,0.003933306339259264,0.2158505534486933,0.0005859581522955903,0.43527863558093294,0.00018858727874193626,0.4779639654730571,0.000835448250795609,0.41077877270876895,-7.60572873577392e-07,0.500106559585781,-0.0003491937380212737,0.5451059325069672,0.0012805636404585943,0.38242244543991405,0.0007507123836624496,0.4240437465639755,0.0009880357023900263,0.3880915330350821,0.0,0.5,-0.00011666274469852161,0.5146755238976506,3.3868982791900635
LOCO_n,0.9,0.0004527091767273922,0.44388959759213964,-0.00011622245314665824,0.51551345402455,3.404762105213566e-05,0.49546854470235724,-0.0002529392476816328,0.5319808406207331,3.860387237653029e-08,0.49999459049455935,4.449371204806596e-09,0.49999937655075105,1.0344115183164027e-07,0.49998550610237263,1.317293281399845e-09,0.4999998154059916,9.243803993086441e-09,0.49999870466365515,-1.3877787807814457e-17,0.500000000000002,-0.0001584463212976478,0.517919095872345,-3.0635374381679514e-05,0.5042401264885313,-5.091611278068564e-06,0.5007124546778495,3.7721837562523786e-05,0.49486813903782134,-1.3877787807814457e-17,0.500000000000002,-1.3877787807814457e-17,0.500000000000002,-1.3877787807814457e-17,0.500000000000002,-1.3877787807814457e-17,0.500000000000002,-1.3877787807814457e-17,0.500000000000002,-1.3877787807814457e-17,0.500000000000002,0.0037896727186049403,0.2203945067518978,0.0006118256781833462,0.43302755174520713,0.00015602852205381934,0.48168843816802154,0.00021849910870054556,0.4734201677791887,-7.896638647697518e-07,0.5001106362297758,-0.0002857984054515164,0.5372938181895615,0.001230254911945526,0.3876314358767514,0.0007614565306697241,0.42292496664015483,0.0010385026860012178,0.3838446828144682,0.0,0.5,-0.0002429510223462064,0.5310409074501169,3.385768413543701
LOCO_bt,0.0,0.0006122165176221106,0.414870745418076,-0.0001667976915407099,0.5233596304431333,4.745262245184345e-06,0.4993350397523263,0.000997741433468001,0.36300344206546686,3.0137783227357495e-08,0.499995776748217,-1.0054981419704845e-07,0.5000140901929914,3.55734762064186e-08,0.4999950150365844,1.2648911647261674e-08,0.49999822748945183,-2.7811274116995577e-11,0.5000000038972346,1.3877787807814457e-17,0.49999999999999806,-0.00022322418065218869,0.5312443453736925,6.47581198903735e-06,0.4990925364460855,-1.948251204752366e-05,0.5027300913772825,-3.1047790430144273e-06,0.5004350630326291,0.0,0.5,0.0,0.5,0.0,0.5,0.0,0.5,0.0,0.5,0.0,0.5,0.0041489689976567865,0.07286217492940557,0.000506492783863971,0.42940753995890757,0.00017037215133805517,0.4761426261537429,0.0032241073345640123,0.1289502182268053,-2.2343189506196515e-07,0.5000313098392513,-0.00028649541624629904,0.5400787499313174,0.0012456623010522402,0.33097214199847225,0.0007988307070879788,0.38956102221156225,0.0009671657224966865,0.3670472642445125,0.0,0.5,-3.884439553694663e-07,0.5000544332212337,3.6852526664733887
LOCO_bt,0.3,0.0007137691381388644,0.4010232192403762,-0.00018285476720010518,0.5256054246348559,4.6056458309101656e-05,0.49354632853896835,0.0004353543630137499,0.4392351973421325,6.27748754158941e-08,0.4999912032646027,-2.5423972437044196e-07,0.5000356269855586,-1.4578997874215016e-07,0.5000204297636205,-1.937854640643444e-09,0.5000002715544141,6.682504168076253e-09,0.4999990635708861,2.0816681711721685e-17,0.49999999999999706,-0.00020172818401471837,0.5282403398139289,3.933728717146756e-06,0.49944876196472276,-1.1698583913144489e-05,0.5016393350673983,-1.3846150326977946e-05,0.5019402438390949,-2.0816681711721685e-17,0.5000000000000029,-2.0816681711721685e-17,0.5000000000000029,-2.0816681711721685e-17,0.5000000000000029,-2.0816681711721685e-17,0.5000000000000029,-2.0816681711721685e-17,0.5000000000000029,-2.0816681711721685e-17,0.5000000000000029,0.004318288149851177,0.06513740180234596,0.000490980635444685,0.4315469334392317,0.00020033915175961953,0.4719530952699528,0.0023514810482468257,0.20456381258498435,-5.606001797636706e-07,0.5000785577252131,-0.00034829974590374485,0.5486853412478427,0.0013243640517543037,0.32100852590438955,0.0008262636176387464,0.3858702391144431,0.0009277463121622614,0.3722737058739848,0.0,0.5,0.00015155090588457598,0.4787733483767945,3.643550157546997
LOCO_bt,0.6,0.0005303661456611958,0.42611070197820455,-0.00014246765791939286,0.5199556482471779,3.947040655594147e-05,0.49446916499674387,-6.142130968631726e-05,0.5086059252179586,3.912108409442894e-08,0.4999945179050859,-1.6492491955455435e-08,0.5000023111170961,7.723857114311228e-08,0.4999891764456996,1.171216262862984e-09,0.49999983587574665,7.863865905677336e-09,0.4999988980249324,0.0,0.5,-0.00018852229079555083,0.526394066001277,-2.6774290158064484e-05,0.5037518635756019,-5.839532141324599e-06,0.5008183016261103,3.0137031732588304e-05,0.49577696641397756,0.0,0.5,0.0,0.5,0.0,0.5,0.0,0.5,0.0,0.5,0.0,0.5,0.003933306339259264,0.08393385000085957,0.0005859581522955903,0.4184834729456489,0.00018858727874193626,0.4735950342444885,0.000835448250795609,0.38462255472348855,-7.60572873577392e-07,0.5001065801914392,-0.0003491937380212737,0.5488094717014712,0.0012805636404585943,0.32654324127185574,0.0007507123836624496,0.39603948193011596,0.0009880357023900263,0.36429407130205466,0.0,0.5,-0.00011666274469852161,0.5163430445030593,3.6625776290893555
LOCO_bt,0.9,0.0004527091767273922,0.43683070784815314,-0.00011622245314665824,0.5162817650633006,3.404762105213566e-05,0.495229005387509,-0.0002529392476816328,0.5353969431232721,3.860387237653029e-08,0.4999945903827228,4.449371204806596e-09,0.4999993765030848,1.0344115183164027e-07,0.49998550463962405,1.317293281399845e-09,0.49999981540575966,9.243803993086441e-09,0.49999870465218355,-1.3877787807814457e-17,0.500000000000002,-0.0001584463212976478,0.5221883390480303,-3.0635374381679514e-05,0.5042928954274085,-5.091611278068564e-06,0.500713494573363,3.7721837562523786e-05,0.4947141499426101,-1.3877787807814457e-17,0.500000000000002,-1.3877787807814457e-17,0.500000000000002,-1.3877787807814457e-17,0.500000000000002,-1.3877787807814457e-17,0.500000000000002,-1.3877787807814457e-17,0.500000000000002,-1.3877787807814457e-17,0.500000000000002,0.0037896727186049403,0.09189778727500675,0.0006118256781833462,0.4149350988486603,0.00015602852205381934,0.47814872009742676,0.00021849910870054556,0.469413420690648,-7.896638647697518e-07,0.500110656754569,-0.0002857984054515164,0.5399816636553723,0.001230254911945526,0.3329490807920559,0.0007614565306697241,0.3945879467807817,0.0010385026860012178,0.3576569290931363,0.0,0.5,-0.0002429510223462064,0.5340030405726983,3.7148523330688477
LOCO_sqd,0.0,0.0006122165176221106,8.585469390243647e-292,-0.0001667976915407099,1.0,4.745262245184345e-06,0.38781291940397766,0.000997741433468001,0.0,3.0137783227357495e-08,0.499277824339552,-1.0054981419704845e-07,0.5024094083529416,3.55734762064186e-08,0.4991475719045867,1.2648911647261674e-08,0.4996969007254276,-2.7811274116995577e-11,0.5000006664271248,1.3877787807814457e-17,0.49999999999966743,-0.00022322418065218869,1.0,6.47581198903735e-06,0.3486637124523838,-1.948251204752366e-05,0.8790387293921031,-3.1047790430144273e-06,0.5735885114031339,0.0,0.5,0.0,0.5,0.0,0.5,0.0,0.5,0.0,0.5,0.0,0.5,0.0041489689976567865,0.0,0.000506492783863971,1.0182907027338627e-193,0.00017037215133805517,3.2370163444769046e-24,0.0032241073345640123,0.0,-2.2343189506196515e-07,0.505353821794718,-0.00028649541624629904,1.0,0.0012456623010522402,0.0,0.0007988307070879788,0.0,0.0009671657224966865,0.0,0.0,0.5,-3.884439553694663e-07,0.5093072362583801,3.688314199447632
LOCO_sqd,0.3,0.0007137691381388644,0.0,-0.00018285476720010518,1.0,4.6056458309101656e-05,0.002836953466614444,0.0004353543630137499,2.4605729461778e-147,6.27748754158941e-08,0.49849576181163646,-2.5423972437044196e-07,0.506091977719245,-1.4578997874215016e-07,0.5034934449018943,-1.937854640643444e-09,0.5000464358047055,6.682504168076253e-09,0.4998398706258227,2.0816681711721685e-17,0.4999999999995012,-0.00020172818401471837,1.0,3.933728717146756e-06,0.40663459970107346,-1.1698583913144489e-05,0.75886981411955,-1.3846150326977946e-05,0.7963774123330379,-2.0816681711721685e-17,0.5000000000004988,-2.0816681711721685e-17,0.5000000000004988,-2.0816681711721685e-17,0.5000000000004988,-2.0816681711721685e-17,0.5000000000004988,-2.0816681711721685e-17,0.5000000000004988,-2.0816681711721685e-17,0.5000000000004988,0.004318288149851177,0.0,0.000490980635444685,2.0408128719283113e-183,0.00020033915175961953,1.562666124808466e-32,0.0023514810482468257,0.0,-5.606001797636706e-07,0.5134308328363457,-0.00034829974590374485,1.0,0.0013243640517543037,0.0,0.0008262636176387464,0.0,0.0009277463121622614,0.0,0.0,0.5,0.00015155090588457598,6.062822841303656e-20,3.647752523422241
LOCO_sqd,0.6,0.0005303661456611958,1.0731543748250663e-218,-0.00014246765791939286,1.0,3.947040655594147e-05,0.008929233137965186,-6.142130968631726e-05,0.9998700173467073,3.912108409442894e-08,0.49906256263252613,-1.6492491955455435e-08,0.5003952009571411,7.723857114311228e-08,0.4981491788642324,1.171216262862984e-09,0.4999719347526963,7.863865905677336e-09,0.49981156227046075,0.0,0.5,-0.00018852229079555083,1.0,-2.6774290158064484e-05,0.9460925208877052,-5.839532141324599e-06,0.6371124842648106,3.0137031732588304e-05,0.03528872659292565,0.0,0.5,0.0,0.5,0.0,0.5,0.0,0.5,0.0,0.5,0.0,0.5,0.003933306339259264,0.0,0.0005859581522955903,1.7481418471724434e-253,0.00018858727874193626,5.63126734334052e-29,0.000835448250795609,0.0,-7.60572873577392e-07,0.5182188751711311,-0.0003491937380212737,1.0,0.0012805636404585943,0.0,0.0007507123836624496,0.0,0.0009880357023900263,0.0,0.0,0.5,-0.00011666274469852161,0.999999999998318,3.6854500770568848
LOCO_sqd,0.9,0.0004527091767273922,6.0290342725201066e-161,-0.00011622245314665824,0.9999999999984343,3.404762105213566e-05,0.020554137582875998,-0.0002529392476816328,1.0,3.860387237653029e-08,0.4990749562746975,4.449371204806596e-09,0.4998933820290346,1.0344115183164027e-07,0.4975213093375856,1.317293281399845e-09,0.4999684343849397,9.243803993086441e-09,0.4997784955347761,-1.3877787807814457e-17,0.5000000000003325,-0.0001584463212976478,1.0,-3.0635374381679514e-05,0.967113197906006,-5.091611278068564e-06,0.6201319973522899,3.7721837562523786e-05,0.011763625591208925,-1.3877787807814457e-17,0.5000000000003325,-1.3877787807814457e-17,0.5000000000003325,-1.3877787807814457e-17,0.5000000000003325,-1.3877787807814457e-17,0.5000000000003325,-1.3877787807814457e-17,0.5000000000003325,-1.3877787807814457e-17,0.5000000000003325,0.0037896727186049403,0.0,0.0006118256781833462,3.5183424652677872e-276,0.00015602852205381934,1.9495502875864848e-20,0.00021849910870054556,1.1203549500350512e-38,-7.896638647697518e-07,0.5189152123695668,-0.0002857984054515164,1.0,0.001230254911945526,0.0,0.0007614565306697241,0.0,0.0010385026860012178,0.0,0.0,0.5,-0.0002429510223462064,1.0,3.741218090057373
PFI,0.0,0.25881138252994457,0.0,0.001270271739936879,0.0,0.0,0.0,0.08418886774984052,0.0,0.0,0.0,0.0,0.0,0.0,0.0,0.0,0.0,0.0,0.0,0.0,0.0,0.027463686773369023,0.0,0.00019644940331353666,0.0,0.0,0.0,0.010724092450865863,0.0,0.0,0.0,0.0,0.0,0.0,0.0,0.0,0.0,0.0,0.0,0.0,0.0,1.3416970141160711,0.0,0.011497419947177012,0.0,0.15253421576329113,0.0,0.6021509940279759,0.0,0.0,0.0,-0.0013407490432299773,0.0,0.010133279340981238,0.0,0.020830829626115654,0.0,0.0016655628602921524,0.0,0.0,0.0,1.174988537022692e-08,0.0,0.1817793846130371
PFI,0.3,0.33909805321927045,0.0,0.0013005833186033322,0.0,0.0015388493063258624,0.0,0.26220279427674853,0.0,0.0,0.0,0.0,0.0,0.0,0.0,0.0,0.0,0.0,0.0,0.0,0.0,0.025982334319307437,0.0,0.00025859749149201305,0.0,1.6211020960166245e-05,0.0,0.007825254237690399,0.0,0.0,0.0,0.0,0.0,0.0,0.0,0.0,0.0,0.0,0.0,0.0,0.0,1.4056972138999595,0.0,0.011063116640586207,0.0,0.16023596515181335,0.0,0.7284829398553531,0.0,0.0,0.0,-0.0015606994932444718,0.0,0.009099998158292627,0.0,0.020685085399201636,0.0,0.0014147551822658866,0.0,0.0,0.0,0.02883522517528944,0.0,0.16909289360046387
PFI,0.6,0.23811630275212917,0.0,0.0005489859358076277,0.0,0.013484950045213134,0.0,0.5209068593333493,0.0,0.0,0.0,0.0,0.0,0.0,0.0,0.0,0.0,0.0,0.0,0.0,0.0,0.03239515842441462,0.0,0.0,0.0,0.0,0.0,0.004817810054820709,0.0,0.0,0.0,0.0,0.0,0.0,0.0,0.0,0.0,0.0,0.0,0.0,0.0,1.2736448093917179,0.0,0.014502893445999726,0.0,0.16292782225193905,0.0,0.8192447042566056,0.0,0.0,0.0,-0.0015285426173319294,0.0,0.009310522806426663,0.0,0.020868485031565492,0.0,0.0016275216814099491,0.0,0.0,0.0,0.20327346364133445,0.0,0.1682884693145752
PFI,0.9,0.19065281433067766,0.0,0.00035188925927820414,0.0,0.019901735656226882,0.0,0.6060009148244576,0.0,0.0,0.0,0.0,0.0,0.0,0.0,0.0,0.0,0.0,0.0,0.0,0.0,0.03390020820263778,0.0,0.0,0.0,0.0,0.0,0.0034263031371489228,0.0,0.0,0.0,0.0,0.0,0.0,0.0,0.0,0.0,0.0,0.0,0.0,0.0,1.2170934898006118,0.0,0.015465003770654129,0.0,0.16089067479155372,0.0,0.8482603663167374,0.0,0.0,0.0,-0.0013832999849800187,0.0,0.00985550421868775,0.0,0.020879632895003553,0.0,0.0018583131982742862,0.0,0.0,0.0,0.28407385822427506,0.0,0.16371536254882812
